,image,t_or_f
0,train\benign tumor\ISIC_0000000.jpg,0
1,train\benign tumor\ISIC_0000001.jpg,0
2,train\benign tumor\ISIC_0000003.jpg,0
3,train\benign tumor\ISIC_0000006.jpg,0
4,train\benign tumor\ISIC_0000007.jpg,0
5,train\benign tumor\ISIC_0000008.jpg,0
6,train\benign tumor\ISIC_0000009.jpg,0
7,train\benign tumor\ISIC_0000010.jpg,0
8,train\benign tumor\ISIC_0000011.jpg,0
9,train\benign tumor\ISIC_0000012.jpg,0
10,train\benign tumor\ISIC_0000014.jpg,0
11,train\benign tumor\ISIC_0000015.jpg,0
12,train\benign tumor\ISIC_0000016.jpg,0
13,train\benign tumor\ISIC_0000017.jpg,0
14,train\benign tumor\ISIC_0000018.jpg,0
15,train\benign tumor\ISIC_0000019.jpg,0
16,train\benign tumor\ISIC_0000020.jpg,0
17,train\benign tumor\ISIC_0000021.jpg,0
18,train\benign tumor\ISIC_0000023.jpg,0
19,train\benign tumor\ISIC_0000024.jpg,0
20,train\benign tumor\ISIC_0000025.jpg,0
21,train\benign tumor\ISIC_0000027.jpg,0
22,train\benign tumor\ISIC_0000028.jpg,0
23,train\benign tumor\ISIC_0000032.jpg,0
24,train\benign tumor\ISIC_0000034.jpg,0
25,train\benign tumor\ISIC_0000037.jpg,0
26,train\benign tumor\ISIC_0000038.jpg,0
27,train\benign tumor\ISIC_0000039.jpg,0
28,train\benign tumor\ISIC_0000041.jpg,0
29,train\benign tumor\ISIC_0000042.jpg,0
30,train\benign tumor\ISIC_0000044.jpg,0
31,train\benign tumor\ISIC_0000045.jpg,0
32,train\benign tumor\ISIC_0000047.jpg,0
33,train\benign tumor\ISIC_0000048.jpg,0
34,train\benign tumor\ISIC_0000050.jpg,0
35,train\benign tumor\ISIC_0000051.jpg,0
36,train\benign tumor\ISIC_0000052.jpg,0
37,train\benign tumor\ISIC_0000053.jpg,0
38,train\benign tumor\ISIC_0000055.jpg,0
39,train\benign tumor\ISIC_0000057.jpg,0
40,train\benign tumor\ISIC_0000059.jpg,0
41,train\benign tumor\ISIC_0000061.jpg,0
42,train\benign tumor\ISIC_0000062.jpg,0
43,train\benign tumor\ISIC_0000063.jpg,0
44,train\benign tumor\ISIC_0000064.jpg,0
45,train\benign tumor\ISIC_0000065.jpg,0
46,train\benign tumor\ISIC_0000066.jpg,0
47,train\benign tumor\ISIC_0000067.jpg,0
48,train\benign tumor\ISIC_0000068.jpg,0
49,train\benign tumor\ISIC_0000069.jpg,0
50,train\benign tumor\ISIC_0000071.jpg,0
51,train\benign tumor\ISIC_0000072.jpg,0
52,train\benign tumor\ISIC_0000073.jpg,0
53,train\benign tumor\ISIC_0000075.jpg,0
54,train\benign tumor\ISIC_0000079.jpg,0
55,train\benign tumor\ISIC_0000080.jpg,0
56,train\benign tumor\ISIC_0000081.jpg,0
57,train\benign tumor\ISIC_0000082.jpg,0
58,train\benign tumor\ISIC_0000085.jpg,0
59,train\benign tumor\ISIC_0000086.jpg,0
60,train\benign tumor\ISIC_0000087.jpg,0
61,train\benign tumor\ISIC_0000088.jpg,0
62,train\benign tumor\ISIC_0000089.jpg,0
63,train\benign tumor\ISIC_0000091.jpg,0
64,train\benign tumor\ISIC_0000092.jpg,0
65,train\benign tumor\ISIC_0000093.jpg,0
66,train\benign tumor\ISIC_0000094.jpg,0
67,train\benign tumor\ISIC_0000095.jpg,0
68,train\benign tumor\ISIC_0000096.jpg,0
69,train\benign tumor\ISIC_0000097.jpg,0
70,train\benign tumor\ISIC_0000098.jpg,0
71,train\benign tumor\ISIC_0000099.jpg,0
72,train\benign tumor\ISIC_0000100.jpg,0
73,train\benign tumor\ISIC_0000101.jpg,0
74,train\benign tumor\ISIC_0000102.jpg,0
75,train\benign tumor\ISIC_0000103.jpg,0
76,train\benign tumor\ISIC_0000104.jpg,0
77,train\benign tumor\ISIC_0000105.jpg,0
78,train\benign tumor\ISIC_0000107.jpg,0
79,train\benign tumor\ISIC_0000108.jpg,0
80,train\benign tumor\ISIC_0000109.jpg,0
81,train\benign tumor\ISIC_0000110.jpg,0
82,train\benign tumor\ISIC_0000111.jpg,0
83,train\benign tumor\ISIC_0000112.jpg,0
84,train\benign tumor\ISIC_0000113.jpg,0
85,train\benign tumor\ISIC_0000116.jpg,0
86,train\benign tumor\ISIC_0000118.jpg,0
87,train\benign tumor\ISIC_0000119.jpg,0
88,train\benign tumor\ISIC_0000120.jpg,0
89,train\benign tumor\ISIC_0000121.jpg,0
90,train\benign tumor\ISIC_0000122.jpg,0
91,train\benign tumor\ISIC_0000123.jpg,0
92,train\benign tumor\ISIC_0000124.jpg,0
93,train\benign tumor\ISIC_0000125.jpg,0
94,train\benign tumor\ISIC_0000126.jpg,0
95,train\benign tumor\ISIC_0000127.jpg,0
96,train\benign tumor\ISIC_0000128.jpg,0
97,train\benign tumor\ISIC_0000129.jpg,0
98,train\benign tumor\ISIC_0000130.jpg,0
99,train\benign tumor\ISIC_0000131.jpg,0
100,train\benign tumor\ISIC_0000132.jpg,0
101,train\benign tumor\ISIC_0000133.jpg,0
102,train\benign tumor\ISIC_0000134.jpg,0
103,train\benign tumor\ISIC_0000135.jpg,0
104,train\benign tumor\ISIC_0000136.jpg,0
105,train\benign tumor\ISIC_0000137.jpg,0
106,train\benign tumor\ISIC_0000138.jpg,0
107,train\benign tumor\ISIC_0000177.jpg,0
108,train\benign tumor\ISIC_0000179.jpg,0
109,train\benign tumor\ISIC_0000181.jpg,0
110,train\benign tumor\ISIC_0000182.jpg,0
111,train\benign tumor\ISIC_0000184.jpg,0
112,train\benign tumor\ISIC_0000185.jpg,0
113,train\benign tumor\ISIC_0000186.jpg,0
114,train\benign tumor\ISIC_0000188.jpg,0
115,train\benign tumor\ISIC_0000189.jpg,0
116,train\benign tumor\ISIC_0000190.jpg,0
117,train\benign tumor\ISIC_0000191.jpg,0
118,train\benign tumor\ISIC_0000192.jpg,0
119,train\benign tumor\ISIC_0000193.jpg,0
120,train\benign tumor\ISIC_0000196.jpg,0
121,train\benign tumor\ISIC_0000197.jpg,0
122,train\benign tumor\ISIC_0000198.jpg,0
123,train\benign tumor\ISIC_0000199.jpg,0
124,train\benign tumor\ISIC_0000201.jpg,0
125,train\benign tumor\ISIC_0000202.jpg,0
126,train\benign tumor\ISIC_0000203.jpg,0
127,train\benign tumor\ISIC_0000204.jpg,0
128,train\benign tumor\ISIC_0000205.jpg,0
129,train\benign tumor\ISIC_0000206.jpg,0
130,train\benign tumor\ISIC_0000207.jpg,0
131,train\benign tumor\ISIC_0000208.jpg,0
132,train\benign tumor\ISIC_0000209.jpg,0
133,train\benign tumor\ISIC_0000211.jpg,0
134,train\benign tumor\ISIC_0000212.jpg,0
135,train\benign tumor\ISIC_0000213.jpg,0
136,train\benign tumor\ISIC_0000214.jpg,0
137,train\benign tumor\ISIC_0000215.jpg,0
138,train\benign tumor\ISIC_0000216.jpg,0
139,train\benign tumor\ISIC_0000217.jpg,0
140,train\benign tumor\ISIC_0000218.jpg,0
141,train\benign tumor\ISIC_0000219.jpg,0
142,train\benign tumor\ISIC_0000220.jpg,0
143,train\benign tumor\ISIC_0000221.jpg,0
144,train\benign tumor\ISIC_0000222.jpg,0
145,train\benign tumor\ISIC_0000223.jpg,0
146,train\benign tumor\ISIC_0000224.jpg,0
147,train\benign tumor\ISIC_0000225.jpg,0
148,train\benign tumor\ISIC_0000226.jpg,0
149,train\benign tumor\ISIC_0000227.jpg,0
150,train\benign tumor\ISIC_0000229.jpg,0
151,train\benign tumor\ISIC_0000231.jpg,0
152,train\benign tumor\ISIC_0000232.jpg,0
153,train\benign tumor\ISIC_0000233.jpg,0
154,train\benign tumor\ISIC_0000234.jpg,0
155,train\benign tumor\ISIC_0000235.jpg,0
156,train\benign tumor\ISIC_0000236.jpg,0
157,train\benign tumor\ISIC_0000237.jpg,0
158,train\benign tumor\ISIC_0000239.jpg,0
159,train\benign tumor\ISIC_0000240.jpg,0
160,train\benign tumor\ISIC_0000242.jpg,0
161,train\benign tumor\ISIC_0000243.jpg,0
162,train\benign tumor\ISIC_0000244.jpg,0
163,train\benign tumor\ISIC_0000245.jpg,0
164,train\benign tumor\ISIC_0000246.jpg,0
165,train\benign tumor\ISIC_0000247.jpg,0
166,train\benign tumor\ISIC_0000250.jpg,0
167,train\benign tumor\ISIC_0000251.jpg,0
168,train\benign tumor\ISIC_0000252.jpg,0
169,train\benign tumor\ISIC_0000253.jpg,0
170,train\benign tumor\ISIC_0000254.jpg,0
171,train\benign tumor\ISIC_0000255.jpg,0
172,train\benign tumor\ISIC_0000256.jpg,0
173,train\benign tumor\ISIC_0000258.jpg,0
174,train\benign tumor\ISIC_0000259.jpg,0
175,train\benign tumor\ISIC_0000260.jpg,0
176,train\benign tumor\ISIC_0000261.jpg,0
177,train\benign tumor\ISIC_0000262.jpg,0
178,train\benign tumor\ISIC_0000263.jpg,0
179,train\benign tumor\ISIC_0000264.jpg,0
180,train\benign tumor\ISIC_0000265.jpg,0
181,train\benign tumor\ISIC_0000268.jpg,0
182,train\benign tumor\ISIC_0000269.jpg,0
183,train\benign tumor\ISIC_0000274.jpg,0
184,train\benign tumor\ISIC_0000275.jpg,0
185,train\benign tumor\ISIC_0000315.jpg,0
186,train\benign tumor\ISIC_0000316.jpg,0
187,train\benign tumor\ISIC_0000317.jpg,0
188,train\benign tumor\ISIC_0000319.jpg,0
189,train\benign tumor\ISIC_0000320.jpg,0
190,train\benign tumor\ISIC_0000321.jpg,0
191,train\benign tumor\ISIC_0000322.jpg,0
192,train\benign tumor\ISIC_0000323.jpg,0
193,train\benign tumor\ISIC_0000324.jpg,0
194,train\benign tumor\ISIC_0000325.jpg,0
195,train\benign tumor\ISIC_0000326.jpg,0
196,train\benign tumor\ISIC_0000327.jpg,0
197,train\benign tumor\ISIC_0000328.jpg,0
198,train\benign tumor\ISIC_0000329.jpg,0
199,train\benign tumor\ISIC_0000330.jpg,0
200,train\benign tumor\ISIC_0000331.jpg,0
201,train\benign tumor\ISIC_0000332.jpg,0
202,train\benign tumor\ISIC_0000336.jpg,0
203,train\benign tumor\ISIC_0000338.jpg,0
204,train\benign tumor\ISIC_0000340.jpg,0
205,train\benign tumor\ISIC_0000341.jpg,0
206,train\benign tumor\ISIC_0000342.jpg,0
207,train\benign tumor\ISIC_0000343.jpg,0
208,train\benign tumor\ISIC_0000344.jpg,0
209,train\benign tumor\ISIC_0000345.jpg,0
210,train\benign tumor\ISIC_0000346.jpg,0
211,train\benign tumor\ISIC_0000347.jpg,0
212,train\benign tumor\ISIC_0000348.jpg,0
213,train\benign tumor\ISIC_0000349.jpg,0
214,train\benign tumor\ISIC_0000350.jpg,0
215,train\benign tumor\ISIC_0000351.jpg,0
216,train\benign tumor\ISIC_0000352.jpg,0
217,train\benign tumor\ISIC_0000353.jpg,0
218,train\benign tumor\ISIC_0000354.jpg,0
219,train\benign tumor\ISIC_0000355.jpg,0
220,train\benign tumor\ISIC_0000357.jpg,0
221,train\benign tumor\ISIC_0000358.jpg,0
222,train\benign tumor\ISIC_0000359.jpg,0
223,train\benign tumor\ISIC_0000360.jpg,0
224,train\benign tumor\ISIC_0000361.jpg,0
225,train\benign tumor\ISIC_0000363.jpg,0
226,train\benign tumor\ISIC_0000364.jpg,0
227,train\benign tumor\ISIC_0000365.jpg,0
228,train\benign tumor\ISIC_0000366.jpg,0
229,train\benign tumor\ISIC_0000367.jpg,0
230,train\benign tumor\ISIC_0000368.jpg,0
231,train\benign tumor\ISIC_0000369.jpg,0
232,train\benign tumor\ISIC_0000370.jpg,0
233,train\benign tumor\ISIC_0000371.jpg,0
234,train\benign tumor\ISIC_0000372.jpg,0
235,train\benign tumor\ISIC_0000374.jpg,0
236,train\benign tumor\ISIC_0000376.jpg,0
237,train\benign tumor\ISIC_0000377.jpg,0
238,train\benign tumor\ISIC_0000378.jpg,0
239,train\benign tumor\ISIC_0000379.jpg,0
240,train\benign tumor\ISIC_0000380.jpg,0
241,train\benign tumor\ISIC_0000381.jpg,0
242,train\benign tumor\ISIC_0000382.jpg,0
243,train\benign tumor\ISIC_0000383.jpg,0
244,train\benign tumor\ISIC_0000384.jpg,0
245,train\benign tumor\ISIC_0000385.jpg,0
246,train\benign tumor\ISIC_0000386.jpg,0
247,train\benign tumor\ISIC_0000387.jpg,0
248,train\benign tumor\ISIC_0000388.jpg,0
249,train\benign tumor\ISIC_0000391.jpg,0
250,train\benign tumor\ISIC_0000392.jpg,0
251,train\benign tumor\ISIC_0000396.jpg,0
252,train\benign tumor\ISIC_0000397.jpg,0
253,train\benign tumor\ISIC_0000403.jpg,0
254,train\benign tumor\ISIC_0000407.jpg,0
255,train\benign tumor\ISIC_0000408.jpg,0
256,train\benign tumor\ISIC_0000409.jpg,0
257,train\benign tumor\ISIC_0000416.jpg,0
258,train\benign tumor\ISIC_0000418.jpg,0
259,train\benign tumor\ISIC_0000419.jpg,0
260,train\benign tumor\ISIC_0000421.jpg,0
261,train\benign tumor\ISIC_0000423.jpg,0
262,train\benign tumor\ISIC_0000425.jpg,0
263,train\benign tumor\ISIC_0000426.jpg,0
264,train\benign tumor\ISIC_0000427.jpg,0
265,train\benign tumor\ISIC_0000431.jpg,0
266,train\benign tumor\ISIC_0000433.jpg,0
267,train\benign tumor\ISIC_0000436.jpg,0
268,train\benign tumor\ISIC_0000439.jpg,0
269,train\benign tumor\ISIC_0000442.jpg,0
270,train\benign tumor\ISIC_0000443.jpg,0
271,train\benign tumor\ISIC_0000447.jpg,0
272,train\benign tumor\ISIC_0000448.jpg,0
273,train\benign tumor\ISIC_0000449.jpg,0
274,train\benign tumor\ISIC_0000451.jpg,0
275,train\benign tumor\ISIC_0000453.jpg,0
276,train\benign tumor\ISIC_0000455.jpg,0
277,train\benign tumor\ISIC_0000456.jpg,0
278,train\benign tumor\ISIC_0000457.jpg,0
279,train\benign tumor\ISIC_0000458.jpg,0
280,train\benign tumor\ISIC_0000460.jpg,0
281,train\benign tumor\ISIC_0000461.jpg,0
282,train\benign tumor\ISIC_0000465.jpg,0
283,train\benign tumor\ISIC_0000467.jpg,0
284,train\benign tumor\ISIC_0000468.jpg,0
285,train\benign tumor\ISIC_0000470.jpg,0
286,train\benign tumor\ISIC_0000471.jpg,0
287,train\benign tumor\ISIC_0000473.jpg,0
288,train\benign tumor\ISIC_0000474.jpg,0
289,train\benign tumor\ISIC_0000475.jpg,0
290,train\benign tumor\ISIC_0000476.jpg,0
291,train\benign tumor\ISIC_0000478.jpg,0
292,train\benign tumor\ISIC_0000479.jpg,0
293,train\benign tumor\ISIC_0000480.jpg,0
294,train\benign tumor\ISIC_0000481.jpg,0
295,train\benign tumor\ISIC_0000483.jpg,0
296,train\benign tumor\ISIC_0000485.jpg,0
297,train\benign tumor\ISIC_0000486.jpg,0
298,train\benign tumor\ISIC_0000488.jpg,0
299,train\benign tumor\ISIC_0000489.jpg,0
300,train\benign tumor\ISIC_0000490.jpg,0
301,train\benign tumor\ISIC_0000491.jpg,0
302,train\benign tumor\ISIC_0000492.jpg,0
303,train\benign tumor\ISIC_0000493.jpg,0
304,train\benign tumor\ISIC_0000494.jpg,0
305,train\benign tumor\ISIC_0000495.jpg,0
306,train\benign tumor\ISIC_0000496.jpg,0
307,train\benign tumor\ISIC_0000498.jpg,0
308,train\benign tumor\ISIC_0000499.jpg,0
309,train\benign tumor\ISIC_0000500.jpg,0
310,train\benign tumor\ISIC_0000501.jpg,0
311,train\benign tumor\ISIC_0000503.jpg,0
312,train\benign tumor\ISIC_0000504.jpg,0
313,train\benign tumor\ISIC_0000505.jpg,0
314,train\benign tumor\ISIC_0000506.jpg,0
315,train\benign tumor\ISIC_0000507.jpg,0
316,train\benign tumor\ISIC_0000508.jpg,0
317,train\benign tumor\ISIC_0000509.jpg,0
318,train\benign tumor\ISIC_0000510.jpg,0
319,train\benign tumor\ISIC_0000514.jpg,0
320,train\benign tumor\ISIC_0000515.jpg,0
321,train\benign tumor\ISIC_0000523.jpg,0
322,train\benign tumor\ISIC_0000524.jpg,0
323,train\benign tumor\ISIC_0000525.jpg,0
324,train\benign tumor\ISIC_0000527.jpg,0
325,train\benign tumor\ISIC_0000528.jpg,0
326,train\benign tumor\ISIC_0000529.jpg,0
327,train\benign tumor\ISIC_0000530.jpg,0
328,train\benign tumor\ISIC_0000532.jpg,0
329,train\benign tumor\ISIC_0000534.jpg,0
330,train\benign tumor\ISIC_0000535.jpg,0
331,train\benign tumor\ISIC_0000536.jpg,0
332,train\benign tumor\ISIC_0000538.jpg,0
333,train\benign tumor\ISIC_0000539.jpg,0
334,train\benign tumor\ISIC_0000540.jpg,0
335,train\benign tumor\ISIC_0000541.jpg,0
336,train\benign tumor\ISIC_0000542.jpg,0
337,train\benign tumor\ISIC_0000543.jpg,0
338,train\benign tumor\ISIC_0000544.jpg,0
339,train\benign tumor\ISIC_0000545.jpg,0
340,train\benign tumor\ISIC_0000546.jpg,0
341,train\benign tumor\ISIC_0000556.jpg,0
342,train\benign tumor\ISIC_0000882.jpg,0
343,train\benign tumor\ISIC_0000900.jpg,0
344,train\benign tumor\ISIC_0000999.jpg,0
345,train\benign tumor\ISIC_0001960.jpg,0
346,train\benign tumor\ISIC_0002093.jpg,0
347,train\benign tumor\ISIC_0002107.jpg,0
348,train\benign tumor\ISIC_0002206.jpg,0
349,train\benign tumor\ISIC_0002246.jpg,0
350,train\benign tumor\ISIC_0002251.jpg,0
351,train\benign tumor\ISIC_0002287.jpg,0
352,train\benign tumor\ISIC_0002353.jpg,0
353,train\benign tumor\ISIC_0002374.jpg,0
354,train\benign tumor\ISIC_0002438.jpg,0
355,train\benign tumor\ISIC_0002439.jpg,0
356,train\benign tumor\ISIC_0002453.jpg,0
357,train\benign tumor\ISIC_0002459.jpg,0
358,train\benign tumor\ISIC_0002469.jpg,0
359,train\benign tumor\ISIC_0002476.jpg,0
360,train\benign tumor\ISIC_0002488.jpg,0
361,train\benign tumor\ISIC_0002489.jpg,0
362,train\benign tumor\ISIC_0002616.jpg,0
363,train\benign tumor\ISIC_0002647.jpg,0
364,train\benign tumor\ISIC_0002673.jpg,0
365,train\benign tumor\ISIC_0002780.jpg,0
366,train\benign tumor\ISIC_0002806.jpg,0
367,train\benign tumor\ISIC_0002829.jpg,0
368,train\benign tumor\ISIC_0002836.jpg,0
369,train\benign tumor\ISIC_0002871.jpg,0
370,train\benign tumor\ISIC_0002879.jpg,0
371,train\benign tumor\ISIC_0002885.jpg,0
372,train\benign tumor\ISIC_0002948.jpg,0
373,train\benign tumor\ISIC_0002975.jpg,0
374,train\benign tumor\ISIC_0002976.jpg,0
375,train\benign tumor\ISIC_0003005.jpg,0
376,train\benign tumor\ISIC_0003051.jpg,0
377,train\benign tumor\ISIC_0003056.jpg,0
378,train\benign tumor\ISIC_0003174.jpg,0
379,train\benign tumor\ISIC_0003308.jpg,0
380,train\benign tumor\ISIC_0003346.jpg,0
381,train\benign tumor\ISIC_0003728.jpg,0
382,train\benign tumor\ISIC_0004110.jpg,0
383,train\benign tumor\ISIC_0004115.jpg,0
384,train\benign tumor\ISIC_0004166.jpg,0
385,train\benign tumor\ISIC_0004168.jpg,0
386,train\benign tumor\ISIC_0004309.jpg,0
387,train\benign tumor\ISIC_0004346.jpg,0
388,train\benign tumor\ISIC_0004715.jpg,0
389,train\benign tumor\ISIC_0004985.jpg,0
390,train\benign tumor\ISIC_0005000.jpg,0
391,train\benign tumor\ISIC_0005187.jpg,0
392,train\benign tumor\ISIC_0005548.jpg,0
393,train\benign tumor\ISIC_0005555.jpg,0
394,train\benign tumor\ISIC_0005620.jpg,0
395,train\benign tumor\ISIC_0005639.jpg,0
396,train\benign tumor\ISIC_0005666.jpg,0
397,train\benign tumor\ISIC_0005787.jpg,0
398,train\benign tumor\ISIC_0006021.jpg,0
399,train\benign tumor\ISIC_0006114.jpg,0
400,train\benign tumor\ISIC_0006193.jpg,0
401,train\benign tumor\ISIC_0006326.jpg,0
402,train\benign tumor\ISIC_0006350.jpg,0
403,train\benign tumor\ISIC_0006612.jpg,0
404,train\benign tumor\ISIC_0006711.jpg,0
405,train\benign tumor\ISIC_0006776.jpg,0
406,train\benign tumor\ISIC_0006795.jpg,0
407,train\benign tumor\ISIC_0006800.jpg,0
408,train\benign tumor\ISIC_0006940.jpg,0
409,train\benign tumor\ISIC_0006982.jpg,0
410,train\benign tumor\ISIC_0007038.jpg,0
411,train\benign tumor\ISIC_0007087.jpg,0
412,train\benign tumor\ISIC_0007322.jpg,0
413,train\benign tumor\ISIC_0007475.jpg,0
414,train\benign tumor\ISIC_0007557.jpg,0
415,train\benign tumor\ISIC_0007693.jpg,0
416,train\benign tumor\ISIC_0007760.jpg,0
417,train\benign tumor\ISIC_0008029.jpg,0
418,train\benign tumor\ISIC_0008116.jpg,0
419,train\benign tumor\ISIC_0008145.jpg,0
420,train\benign tumor\ISIC_0008207.jpg,0
421,train\benign tumor\ISIC_0008236.jpg,0
422,train\benign tumor\ISIC_0008256.jpg,0
423,train\benign tumor\ISIC_0008280.jpg,0
424,train\benign tumor\ISIC_0008294.jpg,0
425,train\benign tumor\ISIC_0008347.jpg,0
426,train\benign tumor\ISIC_0008396.jpg,0
427,train\benign tumor\ISIC_0008403.jpg,0
428,train\benign tumor\ISIC_0008406.jpg,0
429,train\benign tumor\ISIC_0008507.jpg,0
430,train\benign tumor\ISIC_0008528.jpg,0
431,train\benign tumor\ISIC_0008541.jpg,0
432,train\benign tumor\ISIC_0008552.jpg,0
433,train\benign tumor\ISIC_0008600.jpg,0
434,train\benign tumor\ISIC_0008626.jpg,0
435,train\benign tumor\ISIC_0008659.jpg,0
436,train\benign tumor\ISIC_0008785.jpg,0
437,train\benign tumor\ISIC_0008807.jpg,0
438,train\benign tumor\ISIC_0008879.jpg,0
439,train\benign tumor\ISIC_0008992.jpg,0
440,train\benign tumor\ISIC_0008993.jpg,0
441,train\benign tumor\ISIC_0008998.jpg,0
442,train\benign tumor\ISIC_0009035.jpg,0
443,train\benign tumor\ISIC_0009078.jpg,0
444,train\benign tumor\ISIC_0009083.jpg,0
445,train\benign tumor\ISIC_0009160.jpg,0
446,train\benign tumor\ISIC_0009165.jpg,0
447,train\benign tumor\ISIC_0009188.jpg,0
448,train\benign tumor\ISIC_0009252.jpg,0
449,train\benign tumor\ISIC_0009297.jpg,0
450,train\benign tumor\ISIC_0009298.jpg,0
451,train\benign tumor\ISIC_0009344.jpg,0
452,train\benign tumor\ISIC_0009430.jpg,0
453,train\benign tumor\ISIC_0009504.jpg,0
454,train\benign tumor\ISIC_0009533.jpg,0
455,train\benign tumor\ISIC_0009564.jpg,0
456,train\benign tumor\ISIC_0009583.jpg,0
457,train\benign tumor\ISIC_0009599.jpg,0
458,train\benign tumor\ISIC_0009758.jpg,0
459,train\benign tumor\ISIC_0009860.jpg,0
460,train\benign tumor\ISIC_0009869.jpg,0
461,train\benign tumor\ISIC_0009870.jpg,0
462,train\benign tumor\ISIC_0009871.jpg,0
463,train\benign tumor\ISIC_0009872.jpg,0
464,train\benign tumor\ISIC_0009873.jpg,0
465,train\benign tumor\ISIC_0009874.jpg,0
466,train\benign tumor\ISIC_0009875.jpg,0
467,train\benign tumor\ISIC_0009877.jpg,0
468,train\benign tumor\ISIC_0009879.jpg,0
469,train\benign tumor\ISIC_0009880.jpg,0
470,train\benign tumor\ISIC_0009881.jpg,0
471,train\benign tumor\ISIC_0009883.jpg,0
472,train\benign tumor\ISIC_0009884.jpg,0
473,train\benign tumor\ISIC_0009885.jpg,0
474,train\benign tumor\ISIC_0009888.jpg,0
475,train\benign tumor\ISIC_0009889.jpg,0
476,train\benign tumor\ISIC_0009891.jpg,0
477,train\benign tumor\ISIC_0009895.jpg,0
478,train\benign tumor\ISIC_0009896.jpg,0
479,train\benign tumor\ISIC_0009899.jpg,0
480,train\benign tumor\ISIC_0009901.jpg,0
481,train\benign tumor\ISIC_0009902.jpg,0
482,train\benign tumor\ISIC_0009906.jpg,0
483,train\benign tumor\ISIC_0009909.jpg,0
484,train\benign tumor\ISIC_0009911.jpg,0
485,train\benign tumor\ISIC_0009912.jpg,0
486,train\benign tumor\ISIC_0009914.jpg,0
487,train\benign tumor\ISIC_0009915.jpg,0
488,train\benign tumor\ISIC_0009917.jpg,0
489,train\benign tumor\ISIC_0009919.jpg,0
490,train\benign tumor\ISIC_0009920.jpg,0
491,train\benign tumor\ISIC_0009921.jpg,0
492,train\benign tumor\ISIC_0009923.jpg,0
493,train\benign tumor\ISIC_0009925.jpg,0
494,train\benign tumor\ISIC_0009929.jpg,0
495,train\benign tumor\ISIC_0009930.jpg,0
496,train\benign tumor\ISIC_0009931.jpg,0
497,train\benign tumor\ISIC_0009932.jpg,0
498,train\benign tumor\ISIC_0009933.jpg,0
499,train\benign tumor\ISIC_0009935.jpg,0
500,train\benign tumor\ISIC_0009936.jpg,0
501,train\benign tumor\ISIC_0009937.jpg,0
502,train\benign tumor\ISIC_0009938.jpg,0
503,train\benign tumor\ISIC_0009939.jpg,0
504,train\benign tumor\ISIC_0009940.jpg,0
505,train\benign tumor\ISIC_0009941.jpg,0
506,train\benign tumor\ISIC_0009942.jpg,0
507,train\benign tumor\ISIC_0009943.jpg,0
508,train\benign tumor\ISIC_0009945.jpg,0
509,train\benign tumor\ISIC_0009946.jpg,0
510,train\benign tumor\ISIC_0009947.jpg,0
511,train\benign tumor\ISIC_0009949.jpg,0
512,train\benign tumor\ISIC_0009951.jpg,0
513,train\benign tumor\ISIC_0009953.jpg,0
514,train\benign tumor\ISIC_0009954.jpg,0
515,train\benign tumor\ISIC_0009956.jpg,0
516,train\benign tumor\ISIC_0009958.jpg,0
517,train\benign tumor\ISIC_0009961.jpg,0
518,train\benign tumor\ISIC_0009962.jpg,0
519,train\benign tumor\ISIC_0009963.jpg,0
520,train\benign tumor\ISIC_0009964.jpg,0
521,train\benign tumor\ISIC_0009965.jpg,0
522,train\benign tumor\ISIC_0009966.jpg,0
523,train\benign tumor\ISIC_0009967.jpg,0
524,train\benign tumor\ISIC_0009968.jpg,0
525,train\benign tumor\ISIC_0009969.jpg,0
526,train\benign tumor\ISIC_0009972.jpg,0
527,train\benign tumor\ISIC_0009973.jpg,0
528,train\benign tumor\ISIC_0009974.jpg,0
529,train\benign tumor\ISIC_0009975.jpg,0
530,train\benign tumor\ISIC_0009976.jpg,0
531,train\benign tumor\ISIC_0009977.jpg,0
532,train\benign tumor\ISIC_0009979.jpg,0
533,train\benign tumor\ISIC_0009981.jpg,0
534,train\benign tumor\ISIC_0009982.jpg,0
535,train\benign tumor\ISIC_0009987.jpg,0
536,train\benign tumor\ISIC_0009991.jpg,0
537,train\benign tumor\ISIC_0009994.jpg,0
538,train\benign tumor\ISIC_0009998.jpg,0
539,train\benign tumor\ISIC_0010002.jpg,0
540,train\benign tumor\ISIC_0010003.jpg,0
541,train\benign tumor\ISIC_0010005.jpg,0
542,train\benign tumor\ISIC_0010006.jpg,0
543,train\benign tumor\ISIC_0010013.jpg,0
544,train\benign tumor\ISIC_0010014.jpg,0
545,train\benign tumor\ISIC_0010015.jpg,0
546,train\benign tumor\ISIC_0010017.jpg,0
547,train\benign tumor\ISIC_0010018.jpg,0
548,train\benign tumor\ISIC_0010019.jpg,0
549,train\benign tumor\ISIC_0010020.jpg,0
550,train\benign tumor\ISIC_0010021.jpg,0
551,train\benign tumor\ISIC_0010022.jpg,0
552,train\benign tumor\ISIC_0010025.jpg,0
553,train\benign tumor\ISIC_0010028.jpg,0
554,train\benign tumor\ISIC_0010032.jpg,0
555,train\benign tumor\ISIC_0010040.jpg,0
556,train\benign tumor\ISIC_0010042.jpg,0
557,train\benign tumor\ISIC_0010043.jpg,0
558,train\benign tumor\ISIC_0010044.jpg,0
559,train\benign tumor\ISIC_0010046.jpg,0
560,train\benign tumor\ISIC_0010047.jpg,0
561,train\benign tumor\ISIC_0010051.jpg,0
562,train\benign tumor\ISIC_0010053.jpg,0
563,train\benign tumor\ISIC_0010055.jpg,0
564,train\benign tumor\ISIC_0010057.jpg,0
565,train\benign tumor\ISIC_0010058.jpg,0
566,train\benign tumor\ISIC_0010059.jpg,0
567,train\benign tumor\ISIC_0010060.jpg,0
568,train\benign tumor\ISIC_0010061.jpg,0
569,train\benign tumor\ISIC_0010062.jpg,0
570,train\benign tumor\ISIC_0010063.jpg,0
571,train\benign tumor\ISIC_0010064.jpg,0
572,train\benign tumor\ISIC_0010066.jpg,0
573,train\benign tumor\ISIC_0010069.jpg,0
574,train\benign tumor\ISIC_0010070.jpg,0
575,train\benign tumor\ISIC_0010074.jpg,0
576,train\benign tumor\ISIC_0010075.jpg,0
577,train\benign tumor\ISIC_0010077.jpg,0
578,train\benign tumor\ISIC_0010078.jpg,0
579,train\benign tumor\ISIC_0010086.jpg,0
580,train\benign tumor\ISIC_0010087.jpg,0
581,train\benign tumor\ISIC_0010088.jpg,0
582,train\benign tumor\ISIC_0010090.jpg,0
583,train\benign tumor\ISIC_0010092.jpg,0
584,train\benign tumor\ISIC_0010093.jpg,0
585,train\benign tumor\ISIC_0010100.jpg,0
586,train\benign tumor\ISIC_0010102.jpg,0
587,train\benign tumor\ISIC_0010104.jpg,0
588,train\benign tumor\ISIC_0010105.jpg,0
589,train\benign tumor\ISIC_0010168.jpg,0
590,train\benign tumor\ISIC_0010170.jpg,0
591,train\benign tumor\ISIC_0010173.jpg,0
592,train\benign tumor\ISIC_0010176.jpg,0
593,train\benign tumor\ISIC_0010177.jpg,0
594,train\benign tumor\ISIC_0010178.jpg,0
595,train\benign tumor\ISIC_0010180.jpg,0
596,train\benign tumor\ISIC_0010182.jpg,0
597,train\benign tumor\ISIC_0010184.jpg,0
598,train\benign tumor\ISIC_0010185.jpg,0
599,train\benign tumor\ISIC_0010186.jpg,0
600,train\benign tumor\ISIC_0010187.jpg,0
601,train\benign tumor\ISIC_0010191.jpg,0
602,train\benign tumor\ISIC_0010192.jpg,0
603,train\benign tumor\ISIC_0010193.jpg,0
604,train\benign tumor\ISIC_0010201.jpg,0
605,train\benign tumor\ISIC_0010202.jpg,0
606,train\benign tumor\ISIC_0010205.jpg,0
607,train\benign tumor\ISIC_0010206.jpg,0
608,train\benign tumor\ISIC_0010212.jpg,0
609,train\benign tumor\ISIC_0010213.jpg,0
610,train\benign tumor\ISIC_0010215.jpg,0
611,train\benign tumor\ISIC_0010216.jpg,0
612,train\benign tumor\ISIC_0010219.jpg,0
613,train\benign tumor\ISIC_0010220.jpg,0
614,train\benign tumor\ISIC_0010222.jpg,0
615,train\benign tumor\ISIC_0010227.jpg,0
616,train\benign tumor\ISIC_0010229.jpg,0
617,train\benign tumor\ISIC_0010233.jpg,0
618,train\benign tumor\ISIC_0010234.jpg,0
619,train\benign tumor\ISIC_0010236.jpg,0
620,train\benign tumor\ISIC_0010237.jpg,0
621,train\benign tumor\ISIC_0010244.jpg,0
622,train\benign tumor\ISIC_0010246.jpg,0
623,train\benign tumor\ISIC_0010247.jpg,0
624,train\benign tumor\ISIC_0010248.jpg,0
625,train\benign tumor\ISIC_0010249.jpg,0
626,train\benign tumor\ISIC_0010254.jpg,0
627,train\benign tumor\ISIC_0010255.jpg,0
628,train\benign tumor\ISIC_0010256.jpg,0
629,train\benign tumor\ISIC_0010257.jpg,0
630,train\benign tumor\ISIC_0010261.jpg,0
631,train\benign tumor\ISIC_0010262.jpg,0
632,train\benign tumor\ISIC_0010264.jpg,0
633,train\benign tumor\ISIC_0010317.jpg,0
634,train\benign tumor\ISIC_0010318.jpg,0
635,train\benign tumor\ISIC_0010320.jpg,0
636,train\benign tumor\ISIC_0010326.jpg,0
637,train\benign tumor\ISIC_0010327.jpg,0
638,train\benign tumor\ISIC_0010330.jpg,0
639,train\benign tumor\ISIC_0010332.jpg,0
640,train\benign tumor\ISIC_0010333.jpg,0
641,train\benign tumor\ISIC_0010334.jpg,0
642,train\benign tumor\ISIC_0010336.jpg,0
643,train\benign tumor\ISIC_0010337.jpg,0
644,train\benign tumor\ISIC_0010339.jpg,0
645,train\benign tumor\ISIC_0010340.jpg,0
646,train\benign tumor\ISIC_0010341.jpg,0
647,train\benign tumor\ISIC_0010342.jpg,0
648,train\benign tumor\ISIC_0010344.jpg,0
649,train\benign tumor\ISIC_0010346.jpg,0
650,train\benign tumor\ISIC_0010348.jpg,0
651,train\benign tumor\ISIC_0010351.jpg,0
652,train\benign tumor\ISIC_0010356.jpg,0
653,train\benign tumor\ISIC_0010357.jpg,0
654,train\benign tumor\ISIC_0010362.jpg,0
655,train\benign tumor\ISIC_0010365.jpg,0
656,train\benign tumor\ISIC_0010367.jpg,0
657,train\benign tumor\ISIC_0010368.jpg,0
658,train\benign tumor\ISIC_0010370.jpg,0
659,train\benign tumor\ISIC_0010371.jpg,0
660,train\benign tumor\ISIC_0010374.jpg,0
661,train\benign tumor\ISIC_0010382.jpg,0
662,train\benign tumor\ISIC_0010435.jpg,0
663,train\benign tumor\ISIC_0010442.jpg,0
664,train\benign tumor\ISIC_0010443.jpg,0
665,train\benign tumor\ISIC_0010444.jpg,0
666,train\benign tumor\ISIC_0010447.jpg,0
667,train\benign tumor\ISIC_0010448.jpg,0
668,train\benign tumor\ISIC_0010449.jpg,0
669,train\benign tumor\ISIC_0010452.jpg,0
670,train\benign tumor\ISIC_0010455.jpg,0
671,train\benign tumor\ISIC_0010456.jpg,0
672,train\benign tumor\ISIC_0010458.jpg,0
673,train\benign tumor\ISIC_0010460.jpg,0
674,train\benign tumor\ISIC_0010461.jpg,0
675,train\benign tumor\ISIC_0010463.jpg,0
676,train\benign tumor\ISIC_0010465.jpg,0
677,train\benign tumor\ISIC_0010467.jpg,0
678,train\benign tumor\ISIC_0010471.jpg,0
679,train\benign tumor\ISIC_0010472.jpg,0
680,train\benign tumor\ISIC_0010473.jpg,0
681,train\benign tumor\ISIC_0010474.jpg,0
682,train\benign tumor\ISIC_0010475.jpg,0
683,train\benign tumor\ISIC_0010477.jpg,0
684,train\benign tumor\ISIC_0010479.jpg,0
685,train\benign tumor\ISIC_0010480.jpg,0
686,train\benign tumor\ISIC_0010481.jpg,0
687,train\benign tumor\ISIC_0010483.jpg,0
688,train\benign tumor\ISIC_0010487.jpg,0
689,train\benign tumor\ISIC_0010488.jpg,0
690,train\benign tumor\ISIC_0010490.jpg,0
691,train\benign tumor\ISIC_0010492.jpg,0
692,train\benign tumor\ISIC_0010493.jpg,0
693,train\benign tumor\ISIC_0010494.jpg,0
694,train\benign tumor\ISIC_0010497.jpg,0
695,train\benign tumor\ISIC_0010498.jpg,0
696,train\benign tumor\ISIC_0010552.jpg,0
697,train\benign tumor\ISIC_0010553.jpg,0
698,train\benign tumor\ISIC_0010554.jpg,0
699,train\benign tumor\ISIC_0010557.jpg,0
700,train\benign tumor\ISIC_0010558.jpg,0
701,train\benign tumor\ISIC_0010562.jpg,0
702,train\benign tumor\ISIC_0010565.jpg,0
703,train\benign tumor\ISIC_0010566.jpg,0
704,train\benign tumor\ISIC_0010567.jpg,0
705,train\benign tumor\ISIC_0010568.jpg,0
706,train\benign tumor\ISIC_0010569.jpg,0
707,train\benign tumor\ISIC_0010570.jpg,0
708,train\benign tumor\ISIC_0010571.jpg,0
709,train\benign tumor\ISIC_0010573.jpg,0
710,train\benign tumor\ISIC_0010574.jpg,0
711,train\benign tumor\ISIC_0010575.jpg,0
712,train\benign tumor\ISIC_0010581.jpg,0
713,train\benign tumor\ISIC_0010582.jpg,0
714,train\benign tumor\ISIC_0010584.jpg,0
715,train\benign tumor\ISIC_0010585.jpg,0
716,train\benign tumor\ISIC_0010586.jpg,0
717,train\benign tumor\ISIC_0010588.jpg,0
718,train\benign tumor\ISIC_0010589.jpg,0
719,train\benign tumor\ISIC_0010590.jpg,0
720,train\benign tumor\ISIC_0010592.jpg,0
721,train\benign tumor\ISIC_0010593.jpg,0
722,train\benign tumor\ISIC_0010595.jpg,0
723,train\benign tumor\ISIC_0010598.jpg,0
724,train\benign tumor\ISIC_0010599.jpg,0
725,train\benign tumor\ISIC_0010602.jpg,0
726,train\benign tumor\ISIC_0010603.jpg,0
727,train\benign tumor\ISIC_0010606.jpg,0
728,train\benign tumor\ISIC_0010607.jpg,0
729,train\benign tumor\ISIC_0010844.jpg,0
730,train\benign tumor\ISIC_0010846.jpg,0
731,train\benign tumor\ISIC_0010847.jpg,0
732,train\benign tumor\ISIC_0010848.jpg,0
733,train\benign tumor\ISIC_0010850.jpg,0
734,train\benign tumor\ISIC_0010851.jpg,0
735,train\benign tumor\ISIC_0010853.jpg,0
736,train\benign tumor\ISIC_0010854.jpg,0
737,train\benign tumor\ISIC_0010856.jpg,0
738,train\benign tumor\ISIC_0010857.jpg,0
739,train\benign tumor\ISIC_0010858.jpg,0
740,train\benign tumor\ISIC_0010861.jpg,0
741,train\benign tumor\ISIC_0010864.jpg,0
742,train\benign tumor\ISIC_0011079.jpg,0
743,train\benign tumor\ISIC_0011082.jpg,0
744,train\benign tumor\ISIC_0011083.jpg,0
745,train\benign tumor\ISIC_0011085.jpg,0
746,train\benign tumor\ISIC_0011088.jpg,0
747,train\benign tumor\ISIC_0011089.jpg,0
748,train\benign tumor\ISIC_0011090.jpg,0
749,train\benign tumor\ISIC_0011097.jpg,0
750,train\benign tumor\ISIC_0011098.jpg,0
751,train\benign tumor\ISIC_0011101.jpg,0
752,train\benign tumor\ISIC_0011102.jpg,0
753,train\benign tumor\ISIC_0011107.jpg,0
754,train\benign tumor\ISIC_0011110.jpg,0
755,train\benign tumor\ISIC_0011114.jpg,0
756,train\benign tumor\ISIC_0011115.jpg,0
757,train\benign tumor\ISIC_0011117.jpg,0
758,train\benign tumor\ISIC_0011119.jpg,0
759,train\benign tumor\ISIC_0011123.jpg,0
760,train\benign tumor\ISIC_0011124.jpg,0
761,train\benign tumor\ISIC_0011127.jpg,0
762,train\benign tumor\ISIC_0011131.jpg,0
763,train\benign tumor\ISIC_0011143.jpg,0
764,train\benign tumor\ISIC_0011144.jpg,0
765,train\benign tumor\ISIC_0011145.jpg,0
766,train\benign tumor\ISIC_0011146.jpg,0
767,train\benign tumor\ISIC_0011155.jpg,0
768,train\benign tumor\ISIC_0011157.jpg,0
769,train\benign tumor\ISIC_0011159.jpg,0
770,train\benign tumor\ISIC_0011162.jpg,0
771,train\benign tumor\ISIC_0011164.jpg,0
772,train\benign tumor\ISIC_0011165.jpg,0
773,train\benign tumor\ISIC_0011167.jpg,0
774,train\benign tumor\ISIC_0011168.jpg,0
775,train\benign tumor\ISIC_0011170.jpg,0
776,train\benign tumor\ISIC_0011171.jpg,0
777,train\benign tumor\ISIC_0011173.jpg,0
778,train\benign tumor\ISIC_0011177.jpg,0
779,train\benign tumor\ISIC_0011199.jpg,0
780,train\benign tumor\ISIC_0011203.jpg,0
781,train\benign tumor\ISIC_0011204.jpg,0
782,train\benign tumor\ISIC_0011205.jpg,0
783,train\benign tumor\ISIC_0011207.jpg,0
784,train\benign tumor\ISIC_0011208.jpg,0
785,train\benign tumor\ISIC_0011211.jpg,0
786,train\benign tumor\ISIC_0011212.jpg,0
787,train\benign tumor\ISIC_0011213.jpg,0
788,train\benign tumor\ISIC_0011214.jpg,0
789,train\benign tumor\ISIC_0011215.jpg,0
790,train\benign tumor\ISIC_0011217.jpg,0
791,train\benign tumor\ISIC_0011218.jpg,0
792,train\benign tumor\ISIC_0011219.jpg,0
793,train\benign tumor\ISIC_0011220.jpg,0
794,train\benign tumor\ISIC_0011223.jpg,0
795,train\benign tumor\ISIC_0011224.jpg,0
796,train\benign tumor\ISIC_0011225.jpg,0
797,train\benign tumor\ISIC_0011227.jpg,0
798,train\benign tumor\ISIC_0011229.jpg,0
799,train\benign tumor\ISIC_0011230.jpg,0
800,train\benign tumor\ISIC_0011292.jpg,0
801,train\benign tumor\ISIC_0011294.jpg,0
802,train\benign tumor\ISIC_0011296.jpg,0
803,train\benign tumor\ISIC_0011297.jpg,0
804,train\benign tumor\ISIC_0011298.jpg,0
805,train\benign tumor\ISIC_0011300.jpg,0
806,train\benign tumor\ISIC_0011303.jpg,0
807,train\benign tumor\ISIC_0011304.jpg,0
808,train\benign tumor\ISIC_0011306.jpg,0
809,train\benign tumor\ISIC_0011310.jpg,0
810,train\benign tumor\ISIC_0011317.jpg,0
811,train\benign tumor\ISIC_0011321.jpg,0
812,train\benign tumor\ISIC_0011322.jpg,0
813,train\benign tumor\ISIC_0011324.jpg,0
814,train\benign tumor\ISIC_0011326.jpg,0
815,train\benign tumor\ISIC_0011327.jpg,0
816,train\benign tumor\ISIC_0011328.jpg,0
817,train\benign tumor\ISIC_0011330.jpg,0
818,train\benign tumor\ISIC_0011333.jpg,0
819,train\benign tumor\ISIC_0011336.jpg,0
820,train\benign tumor\ISIC_0011338.jpg,0
821,train\benign tumor\ISIC_0011339.jpg,0
822,train\benign tumor\ISIC_0011343.jpg,0
823,train\benign tumor\ISIC_0011345.jpg,0
824,train\benign tumor\ISIC_0011347.jpg,0
825,train\benign tumor\ISIC_0011352.jpg,0
826,train\benign tumor\ISIC_0011353.jpg,0
827,train\benign tumor\ISIC_0011358.jpg,0
828,train\benign tumor\ISIC_0011359.jpg,0
829,train\benign tumor\ISIC_0011361.jpg,0
830,train\benign tumor\ISIC_0011362.jpg,0
831,train\benign tumor\ISIC_0011363.jpg,0
832,train\benign tumor\ISIC_0011367.jpg,0
833,train\benign tumor\ISIC_0011372.jpg,0
834,train\benign tumor\ISIC_0011382.jpg,0
835,train\benign tumor\ISIC_0011384.jpg,0
836,train\benign tumor\ISIC_0011386.jpg,0
837,train\benign tumor\ISIC_0011393.jpg,0
838,train\benign tumor\ISIC_0011397.jpg,0
839,train\benign tumor\ISIC_0011398.jpg,0
840,train\benign tumor\ISIC_0011402.jpg,0
841,train\benign tumor\ISIC_0012089.jpg,0
842,train\benign tumor\ISIC_0012094.jpg,0
843,train\benign tumor\ISIC_0012097.jpg,0
844,train\benign tumor\ISIC_0012102.jpg,0
845,train\benign tumor\ISIC_0012105.jpg,0
846,train\benign tumor\ISIC_0012107.jpg,0
847,train\benign tumor\ISIC_0012108.jpg,0
848,train\benign tumor\ISIC_0012116.jpg,0
849,train\benign tumor\ISIC_0012118.jpg,0
850,train\benign tumor\ISIC_0012135.jpg,0
851,train\benign tumor\ISIC_0012141.jpg,0
852,train\benign tumor\ISIC_0012148.jpg,0
853,train\benign tumor\ISIC_0012150.jpg,0
854,train\benign tumor\ISIC_0012156.jpg,0
855,train\benign tumor\ISIC_0012164.jpg,0
856,train\benign tumor\ISIC_0012167.jpg,0
857,train\benign tumor\ISIC_0012175.jpg,0
858,train\benign tumor\ISIC_0012177.jpg,0
859,train\benign tumor\ISIC_0012179.jpg,0
860,train\benign tumor\ISIC_0012182.jpg,0
861,train\benign tumor\ISIC_0012187.jpg,0
862,train\benign tumor\ISIC_0012203.jpg,0
863,train\benign tumor\ISIC_0012205.jpg,0
864,train\benign tumor\ISIC_0012209.jpg,0
865,train\benign tumor\ISIC_0012211.jpg,0
866,train\benign tumor\ISIC_0012212.jpg,0
867,train\benign tumor\ISIC_0012213.jpg,0
868,train\benign tumor\ISIC_0012228.jpg,0
869,train\benign tumor\ISIC_0012230.jpg,0
870,train\benign tumor\ISIC_0012232.jpg,0
871,train\benign tumor\ISIC_0012233.jpg,0
872,train\benign tumor\ISIC_0012235.jpg,0
873,train\benign tumor\ISIC_0012246.jpg,0
874,train\benign tumor\ISIC_0012250.jpg,0
875,train\benign tumor\ISIC_0012253.jpg,0
876,train\benign tumor\ISIC_0012257.jpg,0
877,train\benign tumor\ISIC_0012259.jpg,0
878,train\benign tumor\ISIC_0012260.jpg,0
879,train\benign tumor\ISIC_0012261.jpg,0
880,train\benign tumor\ISIC_0012263.jpg,0
881,train\benign tumor\ISIC_0012268.jpg,0
882,train\benign tumor\ISIC_0012271.jpg,0
883,train\benign tumor\ISIC_0012274.jpg,0
884,train\benign tumor\ISIC_0012278.jpg,0
885,train\benign tumor\ISIC_0012281.jpg,0
886,train\benign tumor\ISIC_0012284.jpg,0
887,train\benign tumor\ISIC_0012285.jpg,0
888,train\benign tumor\ISIC_0012303.jpg,0
889,train\benign tumor\ISIC_0012309.jpg,0
890,train\benign tumor\ISIC_0012311.jpg,0
891,train\benign tumor\ISIC_0012318.jpg,0
892,train\benign tumor\ISIC_0012320.jpg,0
893,train\benign tumor\ISIC_0012322.jpg,0
894,train\benign tumor\ISIC_0012324.jpg,0
895,train\benign tumor\ISIC_0012325.jpg,0
896,train\benign tumor\ISIC_0012332.jpg,0
897,train\benign tumor\ISIC_0012333.jpg,0
898,train\benign tumor\ISIC_0012334.jpg,0
899,train\benign tumor\ISIC_0012338.jpg,0
900,train\benign tumor\ISIC_0012339.jpg,0
901,train\benign tumor\ISIC_0012351.jpg,0
902,train\benign tumor\ISIC_0012360.jpg,0
903,train\benign tumor\ISIC_0012363.jpg,0
904,train\benign tumor\ISIC_0012374.jpg,0
905,train\benign tumor\ISIC_0012376.jpg,0
906,train\benign tumor\ISIC_0012378.jpg,0
907,train\benign tumor\ISIC_0012381.jpg,0
908,train\benign tumor\ISIC_0012384.jpg,0
909,train\benign tumor\ISIC_0012406.jpg,0
910,train\benign tumor\ISIC_0012413.jpg,0
911,train\benign tumor\ISIC_0012442.jpg,0
912,train\benign tumor\ISIC_0012445.jpg,0
913,train\benign tumor\ISIC_0012453.jpg,0
914,train\benign tumor\ISIC_0012460.jpg,0
915,train\benign tumor\ISIC_0012464.jpg,0
916,train\benign tumor\ISIC_0012481.jpg,0
917,train\benign tumor\ISIC_0012487.jpg,0
918,train\benign tumor\ISIC_0012489.jpg,0
919,train\benign tumor\ISIC_0012494.jpg,0
920,train\benign tumor\ISIC_0012495.jpg,0
921,train\benign tumor\ISIC_0012496.jpg,0
922,train\benign tumor\ISIC_0012503.jpg,0
923,train\benign tumor\ISIC_0012506.jpg,0
924,train\benign tumor\ISIC_0012508.jpg,0
925,train\benign tumor\ISIC_0012511.jpg,0
926,train\benign tumor\ISIC_0012518.jpg,0
927,train\benign tumor\ISIC_0012520.jpg,0
928,train\benign tumor\ISIC_0012521.jpg,0
929,train\benign tumor\ISIC_0012523.jpg,0
930,train\benign tumor\ISIC_0012526.jpg,0
931,train\benign tumor\ISIC_0012529.jpg,0
932,train\benign tumor\ISIC_0012539.jpg,0
933,train\benign tumor\ISIC_0012544.jpg,0
934,train\benign tumor\ISIC_0012549.jpg,0
935,train\benign tumor\ISIC_0012550.jpg,0
936,train\benign tumor\ISIC_0012653.jpg,0
937,train\benign tumor\ISIC_0012655.jpg,0
938,train\benign tumor\ISIC_0012657.jpg,0
939,train\benign tumor\ISIC_0012658.jpg,0
940,train\benign tumor\ISIC_0012659.jpg,0
941,train\benign tumor\ISIC_0012662.jpg,0
942,train\benign tumor\ISIC_0012663.jpg,0
943,train\benign tumor\ISIC_0012664.jpg,0
944,train\benign tumor\ISIC_0012665.jpg,0
945,train\benign tumor\ISIC_0012669.jpg,0
946,train\benign tumor\ISIC_0012670.jpg,0
947,train\benign tumor\ISIC_0012671.jpg,0
948,train\benign tumor\ISIC_0012672.jpg,0
949,train\benign tumor\ISIC_0012673.jpg,0
950,train\benign tumor\ISIC_0012674.jpg,0
951,train\benign tumor\ISIC_0012675.jpg,0
952,train\benign tumor\ISIC_0012676.jpg,0
953,train\benign tumor\ISIC_0012677.jpg,0
954,train\benign tumor\ISIC_0012679.jpg,0
955,train\benign tumor\ISIC_0012680.jpg,0
956,train\benign tumor\ISIC_0012681.jpg,0
957,train\benign tumor\ISIC_0012682.jpg,0
958,train\benign tumor\ISIC_0012683.jpg,0
959,train\benign tumor\ISIC_0012685.jpg,0
960,train\benign tumor\ISIC_0012690.jpg,0
961,train\benign tumor\ISIC_0012692.jpg,0
962,train\benign tumor\ISIC_0012699.jpg,0
963,train\benign tumor\ISIC_0012700.jpg,0
964,train\benign tumor\ISIC_0012702.jpg,0
965,train\benign tumor\ISIC_0012706.jpg,0
966,train\benign tumor\ISIC_0012709.jpg,0
967,train\benign tumor\ISIC_0012710.jpg,0
968,train\benign tumor\ISIC_0012711.jpg,0
969,train\benign tumor\ISIC_0012713.jpg,0
970,train\benign tumor\ISIC_0012721.jpg,0
971,train\benign tumor\ISIC_0012725.jpg,0
972,train\benign tumor\ISIC_0012726.jpg,0
973,train\benign tumor\ISIC_0012735.jpg,0
974,train\benign tumor\ISIC_0012737.jpg,0
975,train\benign tumor\ISIC_0012739.jpg,0
976,train\benign tumor\ISIC_0012740.jpg,0
977,train\benign tumor\ISIC_0012741.jpg,0
978,train\benign tumor\ISIC_0012742.jpg,0
979,train\benign tumor\ISIC_0012744.jpg,0
980,train\benign tumor\ISIC_0012768.jpg,0
981,train\benign tumor\ISIC_0012770.jpg,0
982,train\benign tumor\ISIC_0012777.jpg,0
983,train\benign tumor\ISIC_0012787.jpg,0
984,train\benign tumor\ISIC_0012788.jpg,0
985,train\benign tumor\ISIC_0012789.jpg,0
986,train\benign tumor\ISIC_0012793.jpg,0
987,train\benign tumor\ISIC_0012804.jpg,0
988,train\benign tumor\ISIC_0012806.jpg,0
989,train\benign tumor\ISIC_0012814.jpg,0
990,train\benign tumor\ISIC_0012823.jpg,0
991,train\benign tumor\ISIC_0012826.jpg,0
992,train\benign tumor\ISIC_0012827.jpg,0
993,train\benign tumor\ISIC_0012835.jpg,0
994,train\benign tumor\ISIC_0012844.jpg,0
995,train\benign tumor\ISIC_0012855.jpg,0
996,train\benign tumor\ISIC_0012865.jpg,0
997,train\benign tumor\ISIC_0012871.jpg,0
998,train\benign tumor\ISIC_0012873.jpg,0
999,train\benign tumor\ISIC_0012877.jpg,0
1000,train\benign tumor\ISIC_0012878.jpg,0
1001,train\benign tumor\ISIC_0012879.jpg,0
1002,train\benign tumor\ISIC_0012883.jpg,0
1003,train\benign tumor\ISIC_0012888.jpg,0
1004,train\benign tumor\ISIC_0012891.jpg,0
1005,train\benign tumor\ISIC_0012897.jpg,0
1006,train\benign tumor\ISIC_0012901.jpg,0
1007,train\benign tumor\ISIC_0012905.jpg,0
1008,train\benign tumor\ISIC_0012907.jpg,0
1009,train\benign tumor\ISIC_0012911.jpg,0
1010,train\benign tumor\ISIC_0012939.jpg,0
1011,train\benign tumor\ISIC_0012940.jpg,0
1012,train\benign tumor\ISIC_0012944.jpg,0
1013,train\benign tumor\ISIC_0012945.jpg,0
1014,train\benign tumor\ISIC_0012949.jpg,0
1015,train\benign tumor\ISIC_0012950.jpg,0
1016,train\benign tumor\ISIC_0012957.jpg,0
1017,train\benign tumor\ISIC_0012961.jpg,0
1018,train\benign tumor\ISIC_0012966.jpg,0
1019,train\benign tumor\ISIC_0012969.jpg,0
1020,train\benign tumor\ISIC_0012970.jpg,0
1021,train\benign tumor\ISIC_0012976.jpg,0
1022,train\benign tumor\ISIC_0012981.jpg,0
1023,train\benign tumor\ISIC_0012982.jpg,0
1024,train\benign tumor\ISIC_0012987.jpg,0
1025,train\benign tumor\ISIC_0012999.jpg,0
1026,train\benign tumor\ISIC_0013000.jpg,0
1027,train\benign tumor\ISIC_0013001.jpg,0
1028,train\benign tumor\ISIC_0013007.jpg,0
1029,train\benign tumor\ISIC_0013012.jpg,0
1030,train\benign tumor\ISIC_0013015.jpg,0
1031,train\benign tumor\ISIC_0013023.jpg,0
1032,train\benign tumor\ISIC_0013024.jpg,0
1033,train\benign tumor\ISIC_0013025.jpg,0
1034,train\benign tumor\ISIC_0013026.jpg,0
1035,train\benign tumor\ISIC_0013027.jpg,0
1036,train\benign tumor\ISIC_0013031.jpg,0
1037,train\benign tumor\ISIC_0013032.jpg,0
1038,train\benign tumor\ISIC_0013037.jpg,0
1039,train\benign tumor\ISIC_0013039.jpg,0
1040,train\benign tumor\ISIC_0013044.jpg,0
1041,train\benign tumor\ISIC_0013047.jpg,0
1042,train\benign tumor\ISIC_0013048.jpg,0
1043,train\benign tumor\ISIC_0013053.jpg,0
1044,train\benign tumor\ISIC_0013055.jpg,0
1045,train\benign tumor\ISIC_0013071.jpg,0
1046,train\benign tumor\ISIC_0013075.jpg,0
1047,train\benign tumor\ISIC_0013080.jpg,0
1048,train\benign tumor\ISIC_0013084.jpg,0
1049,train\benign tumor\ISIC_0013086.jpg,0
1050,train\benign tumor\ISIC_0013087.jpg,0
1051,train\benign tumor\ISIC_0013090.jpg,0
1052,train\benign tumor\ISIC_0013094.jpg,0
1053,train\benign tumor\ISIC_0013096.jpg,0
1054,train\benign tumor\ISIC_0013097.jpg,0
1055,train\benign tumor\ISIC_0013106.jpg,0
1056,train\benign tumor\ISIC_0013112.jpg,0
1057,train\benign tumor\ISIC_0013114.jpg,0
1058,train\benign tumor\ISIC_0013118.jpg,0
1059,train\benign tumor\ISIC_0013120.jpg,0
1060,train\benign tumor\ISIC_0013121.jpg,0
1061,train\benign tumor\ISIC_0013124.jpg,0
1062,train\benign tumor\ISIC_0013126.jpg,0
1063,train\benign tumor\ISIC_0013136.jpg,0
1064,train\benign tumor\ISIC_0013140.jpg,0
1065,train\benign tumor\ISIC_0013147.jpg,0
1066,train\benign tumor\ISIC_0013155.jpg,0
1067,train\benign tumor\ISIC_0013163.jpg,0
1068,train\benign tumor\ISIC_0013172.jpg,0
1069,train\benign tumor\ISIC_0013173.jpg,0
1070,train\benign tumor\ISIC_0013181.jpg,0
1071,train\benign tumor\ISIC_0013187.jpg,0
1072,train\benign tumor\ISIC_0013190.jpg,0
1073,train\benign tumor\ISIC_0013192.jpg,0
1074,train\benign tumor\ISIC_0013193.jpg,0
1075,train\benign tumor\ISIC_0013196.jpg,0
1076,train\benign tumor\ISIC_0013197.jpg,0
1077,train\benign tumor\ISIC_0013201.jpg,0
1078,train\benign tumor\ISIC_0013204.jpg,0
1079,train\benign tumor\ISIC_0013205.jpg,0
1080,train\benign tumor\ISIC_0013207.jpg,0
1081,train\benign tumor\ISIC_0013208.jpg,0
1082,train\benign tumor\ISIC_0013212.jpg,0
1083,train\benign tumor\ISIC_0013213.jpg,0
1084,train\benign tumor\ISIC_0013217.jpg,0
1085,train\benign tumor\ISIC_0013219.jpg,0
1086,train\benign tumor\ISIC_0013220.jpg,0
1087,train\benign tumor\ISIC_0013222.jpg,0
1088,train\benign tumor\ISIC_0013224.jpg,0
1089,train\benign tumor\ISIC_0013227.jpg,0
1090,train\benign tumor\ISIC_0013229.jpg,0
1091,train\benign tumor\ISIC_0013233.jpg,0
1092,train\benign tumor\ISIC_0013235.jpg,0
1093,train\benign tumor\ISIC_0013238.jpg,0
1094,train\benign tumor\ISIC_0013243.jpg,0
1095,train\benign tumor\ISIC_0013244.jpg,0
1096,train\benign tumor\ISIC_0013248.jpg,0
1097,train\benign tumor\ISIC_0013249.jpg,0
1098,train\benign tumor\ISIC_0013257.jpg,0
1099,train\benign tumor\ISIC_0013274.jpg,0
1100,train\benign tumor\ISIC_0013275.jpg,0
1101,train\benign tumor\ISIC_0013287.jpg,0
1102,train\benign tumor\ISIC_0013288.jpg,0
1103,train\benign tumor\ISIC_0013294.jpg,0
1104,train\benign tumor\ISIC_0013302.jpg,0
1105,train\benign tumor\ISIC_0013304.jpg,0
1106,train\benign tumor\ISIC_0013306.jpg,0
1107,train\benign tumor\ISIC_0013310.jpg,0
1108,train\benign tumor\ISIC_0013311.jpg,0
1109,train\benign tumor\ISIC_0013314.jpg,0
1110,train\benign tumor\ISIC_0013315.jpg,0
1111,train\benign tumor\ISIC_0013320.jpg,0
1112,train\benign tumor\ISIC_0013326.jpg,0
1113,train\benign tumor\ISIC_0013329.jpg,0
1114,train\benign tumor\ISIC_0013330.jpg,0
1115,train\benign tumor\ISIC_0013340.jpg,0
1116,train\benign tumor\ISIC_0013342.jpg,0
1117,train\benign tumor\ISIC_0013346.jpg,0
1118,train\benign tumor\ISIC_0013355.jpg,0
1119,train\benign tumor\ISIC_0013356.jpg,0
1120,train\benign tumor\ISIC_0013369.jpg,0
1121,train\benign tumor\ISIC_0013378.jpg,0
1122,train\benign tumor\ISIC_0013383.jpg,0
1123,train\benign tumor\ISIC_0013385.jpg,0
1124,train\benign tumor\ISIC_0013390.jpg,0
1125,train\benign tumor\ISIC_0013394.jpg,0
1126,train\benign tumor\ISIC_0013395.jpg,0
1127,train\benign tumor\ISIC_0013398.jpg,0
1128,train\benign tumor\ISIC_0013403.jpg,0
1129,train\benign tumor\ISIC_0013405.jpg,0
1130,train\benign tumor\ISIC_0013410.jpg,0
1131,train\benign tumor\ISIC_0013417.jpg,0
1132,train\benign tumor\ISIC_0013423.jpg,0
1133,train\benign tumor\ISIC_0013424.jpg,0
1134,train\benign tumor\ISIC_0013425.jpg,0
1135,train\benign tumor\ISIC_0013428.jpg,0
1136,train\benign tumor\ISIC_0013430.jpg,0
1137,train\benign tumor\ISIC_0013432.jpg,0
1138,train\benign tumor\ISIC_0013433.jpg,0
1139,train\benign tumor\ISIC_0013434.jpg,0
1140,train\benign tumor\ISIC_0013437.jpg,0
1141,train\benign tumor\ISIC_0013438.jpg,0
1142,train\benign tumor\ISIC_0013456.jpg,0
1143,train\benign tumor\ISIC_0013461.jpg,0
1144,train\benign tumor\ISIC_0013480.jpg,0
1145,train\benign tumor\ISIC_0013486.jpg,0
1146,train\benign tumor\ISIC_0013487.jpg,0
1147,train\benign tumor\ISIC_0013488.jpg,0
1148,train\benign tumor\ISIC_0013489.jpg,0
1149,train\benign tumor\ISIC_0013492.jpg,0
1150,train\benign tumor\ISIC_0013494.jpg,0
1151,train\benign tumor\ISIC_0013495.jpg,0
1152,train\benign tumor\ISIC_0013498.jpg,0
1153,train\benign tumor\ISIC_0013516.jpg,0
1154,train\benign tumor\ISIC_0013517.jpg,0
1155,train\benign tumor\ISIC_0013523.jpg,0
1156,train\benign tumor\ISIC_0013526.jpg,0
1157,train\benign tumor\ISIC_0013552.jpg,0
1158,train\benign tumor\ISIC_0013553.jpg,0
1159,train\benign tumor\ISIC_0013554.jpg,0
1160,train\benign tumor\ISIC_0013558.jpg,0
1161,train\benign tumor\ISIC_0013559.jpg,0
1162,train\benign tumor\ISIC_0013568.jpg,0
1163,train\benign tumor\ISIC_0013592.jpg,0
1164,train\benign tumor\ISIC_0013595.jpg,0
1165,train\benign tumor\ISIC_0013596.jpg,0
1166,train\benign tumor\ISIC_0013597.jpg,0
1167,train\benign tumor\ISIC_0013599.jpg,0
1168,train\benign tumor\ISIC_0013601.jpg,0
1169,train\benign tumor\ISIC_0013603.jpg,0
1170,train\benign tumor\ISIC_0013643.jpg,0
1171,train\benign tumor\ISIC_0013656.jpg,0
1172,train\benign tumor\ISIC_0013664.jpg,0
1173,train\benign tumor\ISIC_0013670.jpg,0
1174,train\benign tumor\ISIC_0013675.jpg,0
1175,train\benign tumor\ISIC_0013676.jpg,0
1176,train\benign tumor\ISIC_0013688.jpg,0
1177,train\benign tumor\ISIC_0013689.jpg,0
1178,train\benign tumor\ISIC_0013690.jpg,0
1179,train\benign tumor\ISIC_0013695.jpg,0
1180,train\benign tumor\ISIC_0013712.jpg,0
1181,train\benign tumor\ISIC_0013713.jpg,0
1182,train\benign tumor\ISIC_0013719.jpg,0
1183,train\benign tumor\ISIC_0013721.jpg,0
1184,train\benign tumor\ISIC_0013737.jpg,0
1185,train\benign tumor\ISIC_0013747.jpg,0
1186,train\benign tumor\ISIC_0013748.jpg,0
1187,train\benign tumor\ISIC_0013749.jpg,0
1188,train\benign tumor\ISIC_0013758.jpg,0
1189,train\benign tumor\ISIC_0013772.jpg,0
1190,train\benign tumor\ISIC_0013778.jpg,0
1191,train\benign tumor\ISIC_0013789.jpg,0
1192,train\benign tumor\ISIC_0013792.jpg,0
1193,train\benign tumor\ISIC_0013795.jpg,0
1194,train\benign tumor\ISIC_0013796.jpg,0
1195,train\benign tumor\ISIC_0013797.jpg,0
1196,train\benign tumor\ISIC_0013798.jpg,0
1197,train\benign tumor\ISIC_0013799.jpg,0
1198,train\benign tumor\ISIC_0013800.jpg,0
1199,train\benign tumor\ISIC_0013801.jpg,0
1200,train\benign tumor\ISIC_0013802.jpg,0
1201,train\benign tumor\ISIC_0013803.jpg,0
1202,train\benign tumor\ISIC_0013804.jpg,0
1203,train\benign tumor\ISIC_0013805.jpg,0
1204,train\benign tumor\ISIC_0013806.jpg,0
1205,train\benign tumor\ISIC_0013807.jpg,0
1206,train\benign tumor\ISIC_0013808.jpg,0
1207,train\benign tumor\ISIC_0013816.jpg,0
1208,train\benign tumor\ISIC_0013819.jpg,0
1209,train\benign tumor\ISIC_0013830.jpg,0
1210,train\benign tumor\ISIC_0013835.jpg,0
1211,train\benign tumor\ISIC_0013836.jpg,0
1212,train\benign tumor\ISIC_0013837.jpg,0
1213,train\benign tumor\ISIC_0013843.jpg,0
1214,train\benign tumor\ISIC_0013862.jpg,0
1215,train\benign tumor\ISIC_0013879.jpg,0
1216,train\benign tumor\ISIC_0013886.jpg,0
1217,train\benign tumor\ISIC_0013888.jpg,0
1218,train\benign tumor\ISIC_0013896.jpg,0
1219,train\benign tumor\ISIC_0013921.jpg,0
1220,train\benign tumor\ISIC_0013922.jpg,0
1221,train\benign tumor\ISIC_0013935.jpg,0
1222,train\benign tumor\ISIC_0013942.jpg,0
1223,train\benign tumor\ISIC_0013946.jpg,0
1224,train\benign tumor\ISIC_0013961.jpg,0
1225,train\benign tumor\ISIC_0013962.jpg,0
1226,train\benign tumor\ISIC_0013965.jpg,0
1227,train\benign tumor\ISIC_0013967.jpg,0
1228,train\benign tumor\ISIC_0013970.jpg,0
1229,train\benign tumor\ISIC_0013971.jpg,0
1230,train\benign tumor\ISIC_0013982.jpg,0
1231,train\benign tumor\ISIC_0013983.jpg,0
1232,train\benign tumor\ISIC_0013996.jpg,0
1233,train\benign tumor\ISIC_0014001.jpg,0
1234,train\benign tumor\ISIC_0014004.jpg,0
1235,train\benign tumor\ISIC_0014026.jpg,0
1236,train\benign tumor\ISIC_0014045.jpg,0
1237,train\benign tumor\ISIC_0014046.jpg,0
1238,train\benign tumor\ISIC_0014066.jpg,0
1239,train\benign tumor\ISIC_0014069.jpg,0
1240,train\benign tumor\ISIC_0014073.jpg,0
1241,train\benign tumor\ISIC_0014080.jpg,0
1242,train\benign tumor\ISIC_0014081.jpg,0
1243,train\benign tumor\ISIC_0014089.jpg,0
1244,train\benign tumor\ISIC_0014093.jpg,0
1245,train\benign tumor\ISIC_0014094.jpg,0
1246,train\benign tumor\ISIC_0014114.jpg,0
1247,train\benign tumor\ISIC_0014131.jpg,0
1248,train\benign tumor\ISIC_0014149.jpg,0
1249,train\benign tumor\ISIC_0014150.jpg,0
1250,train\benign tumor\ISIC_0014158.jpg,0
1251,train\benign tumor\ISIC_0014164.jpg,0
1252,train\benign tumor\ISIC_0014166.jpg,0
1253,train\benign tumor\ISIC_0014174.jpg,0
1254,train\benign tumor\ISIC_0014185.jpg,0
1255,train\benign tumor\ISIC_0014195.jpg,0
1256,train\benign tumor\ISIC_0014197.jpg,0
1257,train\benign tumor\ISIC_0014225.jpg,0
1258,train\benign tumor\ISIC_0014248.jpg,0
1259,train\benign tumor\ISIC_0014253.jpg,0
1260,train\benign tumor\ISIC_0014263.jpg,0
1261,train\benign tumor\ISIC_0014274.jpg,0
1262,train\benign tumor\ISIC_0014286.jpg,0
1263,train\benign tumor\ISIC_0014299.jpg,0
1264,train\benign tumor\ISIC_0014317.jpg,0
1265,train\benign tumor\ISIC_0014328.jpg,0
1266,train\benign tumor\ISIC_0014346.jpg,0
1267,train\benign tumor\ISIC_0014353.jpg,0
1268,train\benign tumor\ISIC_0014365.jpg,0
1269,train\benign tumor\ISIC_0014394.jpg,0
1270,train\benign tumor\ISIC_0014430.jpg,0
1271,train\benign tumor\ISIC_0014431.jpg,0
1272,train\benign tumor\ISIC_0014433.jpg,0
1273,train\benign tumor\ISIC_0014438.jpg,0
1274,train\benign tumor\ISIC_0014440.jpg,0
1275,train\benign tumor\ISIC_0014441.jpg,0
1276,train\benign tumor\ISIC_0014453.jpg,0
1277,train\benign tumor\ISIC_0014458.jpg,0
1278,train\benign tumor\ISIC_0014469.jpg,0
1279,train\benign tumor\ISIC_0014473.jpg,0
1280,train\benign tumor\ISIC_0014475.jpg,0
1281,train\benign tumor\ISIC_0014490.jpg,0
1282,train\benign tumor\ISIC_0014498.jpg,0
1283,train\benign tumor\ISIC_0014502.jpg,0
1284,train\benign tumor\ISIC_0014511.jpg,0
1285,train\benign tumor\ISIC_0014516.jpg,0
1286,train\benign tumor\ISIC_0014522.jpg,0
1287,train\benign tumor\ISIC_0014529.jpg,0
1288,train\benign tumor\ISIC_0014547.jpg,0
1289,train\benign tumor\ISIC_0014657.jpg,0
1290,train\benign tumor\ISIC_0014658.jpg,0
1291,train\benign tumor\ISIC_0014661.jpg,0
1292,train\benign tumor\ISIC_0014664.jpg,0
1293,train\benign tumor\ISIC_0014665.jpg,0
1294,train\benign tumor\ISIC_0014667.jpg,0
1295,train\benign tumor\ISIC_0014680.jpg,0
1296,train\benign tumor\ISIC_0014682.jpg,0
1297,train\benign tumor\ISIC_0014683.jpg,0
1298,train\benign tumor\ISIC_0014684.jpg,0
1299,train\benign tumor\ISIC_0014685.jpg,0
1300,train\benign tumor\ISIC_0014692.jpg,0
1301,train\benign tumor\ISIC_0014694.jpg,0
1302,train\benign tumor\ISIC_0014696.jpg,0
1303,train\benign tumor\ISIC_0014699.jpg,0
1304,train\benign tumor\ISIC_0014702.jpg,0
1305,train\benign tumor\ISIC_0014707.jpg,0
1306,train\benign tumor\ISIC_0014708.jpg,0
1307,train\benign tumor\ISIC_0014713.jpg,0
1308,train\benign tumor\ISIC_0014714.jpg,0
1309,train\benign tumor\ISIC_0014715.jpg,0
1310,train\benign tumor\ISIC_0014716.jpg,0
1311,train\benign tumor\ISIC_0014724.jpg,0
1312,train\benign tumor\ISIC_0014726.jpg,0
1313,train\benign tumor\ISIC_0014730.jpg,0
1314,train\benign tumor\ISIC_0014731.jpg,0
1315,train\benign tumor\ISIC_0014739.jpg,0
1316,train\benign tumor\ISIC_0014742.jpg,0
1317,train\benign tumor\ISIC_0014745.jpg,0
1318,train\benign tumor\ISIC_0014748.jpg,0
1319,train\benign tumor\ISIC_0014754.jpg,0
1320,train\benign tumor\ISIC_0014760.jpg,0
1321,train\benign tumor\ISIC_0014762.jpg,0
1322,train\benign tumor\ISIC_0014763.jpg,0
1323,train\benign tumor\ISIC_0014769.jpg,0
1324,train\benign tumor\ISIC_0014771.jpg,0
1325,train\benign tumor\ISIC_0014775.jpg,0
1326,train\benign tumor\ISIC_0014778.jpg,0
1327,train\benign tumor\ISIC_0014779.jpg,0
1328,train\benign tumor\ISIC_0014782.jpg,0
1329,train\benign tumor\ISIC_0014783.jpg,0
1330,train\benign tumor\ISIC_0014785.jpg,0
1331,train\benign tumor\ISIC_0014791.jpg,0
1332,train\benign tumor\ISIC_0014794.jpg,0
1333,train\benign tumor\ISIC_0014797.jpg,0
1334,train\benign tumor\ISIC_0014802.jpg,0
1335,train\benign tumor\ISIC_0014803.jpg,0
1336,train\benign tumor\ISIC_0014805.jpg,0
1337,train\benign tumor\ISIC_0014808.jpg,0
1338,train\benign tumor\ISIC_0014812.jpg,0
1339,train\benign tumor\ISIC_0014818.jpg,0
1340,train\benign tumor\ISIC_0014821.jpg,0
1341,train\benign tumor\ISIC_0014825.jpg,0
1342,train\benign tumor\ISIC_0014830.jpg,0
1343,train\benign tumor\ISIC_0014834.jpg,0
1344,train\benign tumor\ISIC_0014836.jpg,0
1345,train\benign tumor\ISIC_0014838.jpg,0
1346,train\benign tumor\ISIC_0014839.jpg,0
1347,train\benign tumor\ISIC_0014843.jpg,0
1348,train\benign tumor\ISIC_0014845.jpg,0
1349,train\benign tumor\ISIC_0014846.jpg,0
1350,train\benign tumor\ISIC_0014848.jpg,0
1351,train\benign tumor\ISIC_0014849.jpg,0
1352,train\benign tumor\ISIC_0014850.jpg,0
1353,train\benign tumor\ISIC_0014851.jpg,0
1354,train\benign tumor\ISIC_0014855.jpg,0
1355,train\benign tumor\ISIC_0014860.jpg,0
1356,train\benign tumor\ISIC_0014866.jpg,0
1357,train\benign tumor\ISIC_0014869.jpg,0
1358,train\benign tumor\ISIC_0014890.jpg,0
1359,train\benign tumor\ISIC_0014898.jpg,0
1360,train\benign tumor\ISIC_0014903.jpg,0
1361,train\benign tumor\ISIC_0014904.jpg,0
1362,train\benign tumor\ISIC_0014908.jpg,0
1363,train\benign tumor\ISIC_0014911.jpg,0
1364,train\benign tumor\ISIC_0014913.jpg,0
1365,train\benign tumor\ISIC_0014915.jpg,0
1366,train\benign tumor\ISIC_0014923.jpg,0
1367,train\benign tumor\ISIC_0014925.jpg,0
1368,train\benign tumor\ISIC_0014926.jpg,0
1369,train\benign tumor\ISIC_0014929.jpg,0
1370,train\benign tumor\ISIC_0014930.jpg,0
1371,train\benign tumor\ISIC_0014933.jpg,0
1372,train\malignant tumor\ISIC_0000002.jpg,1
1373,train\malignant tumor\ISIC_0000004.jpg,1
1374,train\malignant tumor\ISIC_0000013.jpg,1
1375,train\malignant tumor\ISIC_0000022.jpg,1
1376,train\malignant tumor\ISIC_0000026.jpg,1
1377,train\malignant tumor\ISIC_0000029.jpg,1
1378,train\malignant tumor\ISIC_0000030.jpg,1
1379,train\malignant tumor\ISIC_0000031.jpg,1
1380,train\malignant tumor\ISIC_0000035.jpg,1
1381,train\malignant tumor\ISIC_0000036.jpg,1
1382,train\malignant tumor\ISIC_0000040.jpg,1
1383,train\malignant tumor\ISIC_0000043.jpg,1
1384,train\malignant tumor\ISIC_0000046.jpg,1
1385,train\malignant tumor\ISIC_0000049.jpg,1
1386,train\malignant tumor\ISIC_0000054.jpg,1
1387,train\malignant tumor\ISIC_0000056.jpg,1
1388,train\malignant tumor\ISIC_0000074.jpg,1
1389,train\malignant tumor\ISIC_0000077.jpg,1
1390,train\malignant tumor\ISIC_0000078.jpg,1
1391,train\malignant tumor\ISIC_0000139.jpg,1
1392,train\malignant tumor\ISIC_0000140.jpg,1
1393,train\malignant tumor\ISIC_0000141.jpg,1
1394,train\malignant tumor\ISIC_0000142.jpg,1
1395,train\malignant tumor\ISIC_0000143.jpg,1
1396,train\malignant tumor\ISIC_0000145.jpg,1
1397,train\malignant tumor\ISIC_0000146.jpg,1
1398,train\malignant tumor\ISIC_0000147.jpg,1
1399,train\malignant tumor\ISIC_0000148.jpg,1
1400,train\malignant tumor\ISIC_0000149.jpg,1
1401,train\malignant tumor\ISIC_0000150.jpg,1
1402,train\malignant tumor\ISIC_0000151.jpg,1
1403,train\malignant tumor\ISIC_0000152.jpg,1
1404,train\malignant tumor\ISIC_0000153.jpg,1
1405,train\malignant tumor\ISIC_0000154.jpg,1
1406,train\malignant tumor\ISIC_0000155.jpg,1
1407,train\malignant tumor\ISIC_0000156.jpg,1
1408,train\malignant tumor\ISIC_0000157.jpg,1
1409,train\malignant tumor\ISIC_0000159.jpg,1
1410,train\malignant tumor\ISIC_0000160.jpg,1
1411,train\malignant tumor\ISIC_0000161.jpg,1
1412,train\malignant tumor\ISIC_0000162.jpg,1
1413,train\malignant tumor\ISIC_0000163.jpg,1
1414,train\malignant tumor\ISIC_0000164.jpg,1
1415,train\malignant tumor\ISIC_0000165.jpg,1
1416,train\malignant tumor\ISIC_0000166.jpg,1
1417,train\malignant tumor\ISIC_0000167.jpg,1
1418,train\malignant tumor\ISIC_0000169.jpg,1
1419,train\malignant tumor\ISIC_0000171.jpg,1
1420,train\malignant tumor\ISIC_0000172.jpg,1
1421,train\malignant tumor\ISIC_0000174.jpg,1
1422,train\malignant tumor\ISIC_0000176.jpg,1
1423,train\malignant tumor\ISIC_0000276.jpg,1
1424,train\malignant tumor\ISIC_0000277.jpg,1
1425,train\malignant tumor\ISIC_0000278.jpg,1
1426,train\malignant tumor\ISIC_0000281.jpg,1
1427,train\malignant tumor\ISIC_0000282.jpg,1
1428,train\malignant tumor\ISIC_0000283.jpg,1
1429,train\malignant tumor\ISIC_0000285.jpg,1
1430,train\malignant tumor\ISIC_0000288.jpg,1
1431,train\malignant tumor\ISIC_0000289.jpg,1
1432,train\malignant tumor\ISIC_0000290.jpg,1
1433,train\malignant tumor\ISIC_0000292.jpg,1
1434,train\malignant tumor\ISIC_0000293.jpg,1
1435,train\malignant tumor\ISIC_0000294.jpg,1
1436,train\malignant tumor\ISIC_0000295.jpg,1
1437,train\malignant tumor\ISIC_0000297.jpg,1
1438,train\malignant tumor\ISIC_0000298.jpg,1
1439,train\malignant tumor\ISIC_0000299.jpg,1
1440,train\malignant tumor\ISIC_0000300.jpg,1
1441,train\malignant tumor\ISIC_0000301.jpg,1
1442,train\malignant tumor\ISIC_0000302.jpg,1
1443,train\malignant tumor\ISIC_0000303.jpg,1
1444,train\malignant tumor\ISIC_0000306.jpg,1
1445,train\malignant tumor\ISIC_0000307.jpg,1
1446,train\malignant tumor\ISIC_0000310.jpg,1
1447,train\malignant tumor\ISIC_0000311.jpg,1
1448,train\malignant tumor\ISIC_0000313.jpg,1
1449,train\malignant tumor\ISIC_0000314.jpg,1
1450,train\malignant tumor\ISIC_0000390.jpg,1
1451,train\malignant tumor\ISIC_0000393.jpg,1
1452,train\malignant tumor\ISIC_0000395.jpg,1
1453,train\malignant tumor\ISIC_0000410.jpg,1
1454,train\malignant tumor\ISIC_0000412.jpg,1
1455,train\malignant tumor\ISIC_0000413.jpg,1
1456,train\malignant tumor\ISIC_0000415.jpg,1
1457,train\malignant tumor\ISIC_0000420.jpg,1
1458,train\malignant tumor\ISIC_0000434.jpg,1
1459,train\malignant tumor\ISIC_0000444.jpg,1
1460,train\malignant tumor\ISIC_0000445.jpg,1
1461,train\malignant tumor\ISIC_0000463.jpg,1
1462,train\malignant tumor\ISIC_0000466.jpg,1
1463,train\malignant tumor\ISIC_0000469.jpg,1
1464,train\malignant tumor\ISIC_0000482.jpg,1
1465,train\malignant tumor\ISIC_0000484.jpg,1
1466,train\malignant tumor\ISIC_0000487.jpg,1
1467,train\malignant tumor\ISIC_0000511.jpg,1
1468,train\malignant tumor\ISIC_0000513.jpg,1
1469,train\malignant tumor\ISIC_0000516.jpg,1
1470,train\malignant tumor\ISIC_0000517.jpg,1
1471,train\malignant tumor\ISIC_0000518.jpg,1
1472,train\malignant tumor\ISIC_0000519.jpg,1
1473,train\malignant tumor\ISIC_0000520.jpg,1
1474,train\malignant tumor\ISIC_0000521.jpg,1
1475,train\malignant tumor\ISIC_0000522.jpg,1
1476,train\malignant tumor\ISIC_0000531.jpg,1
1477,train\malignant tumor\ISIC_0000533.jpg,1
1478,train\malignant tumor\ISIC_0000547.jpg,1
1479,train\malignant tumor\ISIC_0000548.jpg,1
1480,train\malignant tumor\ISIC_0000549.jpg,1
1481,train\malignant tumor\ISIC_0000550.jpg,1
1482,train\malignant tumor\ISIC_0000551.jpg,1
1483,train\malignant tumor\ISIC_0000552.jpg,1
1484,train\malignant tumor\ISIC_0000554.jpg,1
1485,train\malignant tumor\ISIC_0000555.jpg,1
1486,train\malignant tumor\ISIC_0001100.jpg,1
1487,train\malignant tumor\ISIC_0001102.jpg,1
1488,train\malignant tumor\ISIC_0001103.jpg,1
1489,train\malignant tumor\ISIC_0001105.jpg,1
1490,train\malignant tumor\ISIC_0001118.jpg,1
1491,train\malignant tumor\ISIC_0001119.jpg,1
1492,train\malignant tumor\ISIC_0001126.jpg,1
1493,train\malignant tumor\ISIC_0001128.jpg,1
1494,train\malignant tumor\ISIC_0001131.jpg,1
1495,train\malignant tumor\ISIC_0001133.jpg,1
1496,train\malignant tumor\ISIC_0001134.jpg,1
1497,train\malignant tumor\ISIC_0001140.jpg,1
1498,train\malignant tumor\ISIC_0001142.jpg,1
1499,train\malignant tumor\ISIC_0001148.jpg,1
1500,train\malignant tumor\ISIC_0001152.jpg,1
1501,train\malignant tumor\ISIC_0009868.jpg,1
1502,train\malignant tumor\ISIC_0009882.jpg,1
1503,train\malignant tumor\ISIC_0009897.jpg,1
1504,train\malignant tumor\ISIC_0009898.jpg,1
1505,train\malignant tumor\ISIC_0009905.jpg,1
1506,train\malignant tumor\ISIC_0009910.jpg,1
1507,train\malignant tumor\ISIC_0009918.jpg,1
1508,train\malignant tumor\ISIC_0009950.jpg,1
1509,train\malignant tumor\ISIC_0009955.jpg,1
1510,train\malignant tumor\ISIC_0009960.jpg,1
1511,train\malignant tumor\ISIC_0009971.jpg,1
1512,train\malignant tumor\ISIC_0009993.jpg,1
1513,train\malignant tumor\ISIC_0010000.jpg,1
1514,train\malignant tumor\ISIC_0010011.jpg,1
1515,train\malignant tumor\ISIC_0010016.jpg,1
1516,train\malignant tumor\ISIC_0010024.jpg,1
1517,train\malignant tumor\ISIC_0010029.jpg,1
1518,train\malignant tumor\ISIC_0010034.jpg,1
1519,train\malignant tumor\ISIC_0010036.jpg,1
1520,train\malignant tumor\ISIC_0010054.jpg,1
1521,train\malignant tumor\ISIC_0010067.jpg,1
1522,train\malignant tumor\ISIC_0010080.jpg,1
1523,train\malignant tumor\ISIC_0010081.jpg,1
1524,train\malignant tumor\ISIC_0010089.jpg,1
1525,train\malignant tumor\ISIC_0010094.jpg,1
1526,train\malignant tumor\ISIC_0010171.jpg,1
1527,train\malignant tumor\ISIC_0010174.jpg,1
1528,train\malignant tumor\ISIC_0010194.jpg,1
1529,train\malignant tumor\ISIC_0010207.jpg,1
1530,train\malignant tumor\ISIC_0010225.jpg,1
1531,train\malignant tumor\ISIC_0010231.jpg,1
1532,train\malignant tumor\ISIC_0010240.jpg,1
1533,train\malignant tumor\ISIC_0010241.jpg,1
1534,train\malignant tumor\ISIC_0010251.jpg,1
1535,train\malignant tumor\ISIC_0010265.jpg,1
1536,train\malignant tumor\ISIC_0010267.jpg,1
1537,train\malignant tumor\ISIC_0010329.jpg,1
1538,train\malignant tumor\ISIC_0010350.jpg,1
1539,train\malignant tumor\ISIC_0010358.jpg,1
1540,train\malignant tumor\ISIC_0010360.jpg,1
1541,train\malignant tumor\ISIC_0010364.jpg,1
1542,train\malignant tumor\ISIC_0010372.jpg,1
1543,train\malignant tumor\ISIC_0010379.jpg,1
1544,train\malignant tumor\ISIC_0010441.jpg,1
1545,train\malignant tumor\ISIC_0010466.jpg,1
1546,train\malignant tumor\ISIC_0010468.jpg,1
1547,train\malignant tumor\ISIC_0010476.jpg,1
1548,train\malignant tumor\ISIC_0010587.jpg,1
1549,train\malignant tumor\ISIC_0010591.jpg,1
1550,train\malignant tumor\ISIC_0010596.jpg,1
1551,train\malignant tumor\ISIC_0010597.jpg,1
1552,train\malignant tumor\ISIC_0010852.jpg,1
1553,train\malignant tumor\ISIC_0010860.jpg,1
1554,train\malignant tumor\ISIC_0010862.jpg,1
1555,train\malignant tumor\ISIC_0010863.jpg,1
1556,train\malignant tumor\ISIC_0011095.jpg,1
1557,train\malignant tumor\ISIC_0011099.jpg,1
1558,train\malignant tumor\ISIC_0011112.jpg,1
1559,train\malignant tumor\ISIC_0011118.jpg,1
1560,train\malignant tumor\ISIC_0011121.jpg,1
1561,train\malignant tumor\ISIC_0011126.jpg,1
1562,train\malignant tumor\ISIC_0011130.jpg,1
1563,train\malignant tumor\ISIC_0011132.jpg,1
1564,train\malignant tumor\ISIC_0011135.jpg,1
1565,train\malignant tumor\ISIC_0011136.jpg,1
1566,train\malignant tumor\ISIC_0011137.jpg,1
1567,train\malignant tumor\ISIC_0011140.jpg,1
1568,train\malignant tumor\ISIC_0011158.jpg,1
1569,train\malignant tumor\ISIC_0011161.jpg,1
1570,train\malignant tumor\ISIC_0011163.jpg,1
1571,train\malignant tumor\ISIC_0011166.jpg,1
1572,train\malignant tumor\ISIC_0011169.jpg,1
1573,train\malignant tumor\ISIC_0011176.jpg,1
1574,train\malignant tumor\ISIC_0011210.jpg,1
1575,train\malignant tumor\ISIC_0011305.jpg,1
1576,train\malignant tumor\ISIC_0011315.jpg,1
1577,train\malignant tumor\ISIC_0011344.jpg,1
1578,train\malignant tumor\ISIC_0011348.jpg,1
1579,train\malignant tumor\ISIC_0011349.jpg,1
1580,train\malignant tumor\ISIC_0011366.jpg,1
1581,train\malignant tumor\ISIC_0011387.jpg,1
1582,train\malignant tumor\ISIC_0012137.jpg,1
1583,train\malignant tumor\ISIC_0012208.jpg,1
1584,train\malignant tumor\ISIC_0012290.jpg,1
1585,train\malignant tumor\ISIC_0012298.jpg,1
1586,train\malignant tumor\ISIC_0012348.jpg,1
1587,train\malignant tumor\ISIC_0012382.jpg,1
1588,train\malignant tumor\ISIC_0012391.jpg,1
1589,train\malignant tumor\ISIC_0012435.jpg,1
1590,train\malignant tumor\ISIC_0012450.jpg,1
1591,train\malignant tumor\ISIC_0012512.jpg,1
1592,train\malignant tumor\ISIC_0012678.jpg,1
1593,train\malignant tumor\ISIC_0012701.jpg,1
1594,train\malignant tumor\ISIC_0012715.jpg,1
1595,train\malignant tumor\ISIC_0012749.jpg,1
1596,train\malignant tumor\ISIC_0012756.jpg,1
1597,train\malignant tumor\ISIC_0012887.jpg,1
1598,train\malignant tumor\ISIC_0012930.jpg,1
1599,train\malignant tumor\ISIC_0012988.jpg,1
1600,train\malignant tumor\ISIC_0012990.jpg,1
1601,train\malignant tumor\ISIC_0013079.jpg,1
1602,train\malignant tumor\ISIC_0013141.jpg,1
1603,train\malignant tumor\ISIC_0013184.jpg,1
1604,train\malignant tumor\ISIC_0013198.jpg,1
1605,train\malignant tumor\ISIC_0013258.jpg,1
1606,train\malignant tumor\ISIC_0013334.jpg,1
1607,train\malignant tumor\ISIC_0013359.jpg,1
1608,train\malignant tumor\ISIC_0013365.jpg,1
1609,train\malignant tumor\ISIC_0013427.jpg,1
1610,train\malignant tumor\ISIC_0013429.jpg,1
1611,train\malignant tumor\ISIC_0013490.jpg,1
1612,train\malignant tumor\ISIC_0013497.jpg,1
1613,train\malignant tumor\ISIC_0013499.jpg,1
1614,train\malignant tumor\ISIC_0013500.jpg,1
1615,train\malignant tumor\ISIC_0013525.jpg,1
1616,train\malignant tumor\ISIC_0013530.jpg,1
1617,train\malignant tumor\ISIC_0013567.jpg,1
1618,train\malignant tumor\ISIC_0013572.jpg,1
1619,train\malignant tumor\ISIC_0013573.jpg,1
1620,train\malignant tumor\ISIC_0013578.jpg,1
1621,train\malignant tumor\ISIC_0013579.jpg,1
1622,train\malignant tumor\ISIC_0013581.jpg,1
1623,train\malignant tumor\ISIC_0013594.jpg,1
1624,train\malignant tumor\ISIC_0013606.jpg,1
1625,train\malignant tumor\ISIC_0013610.jpg,1
1626,train\malignant tumor\ISIC_0013618.jpg,1
1627,train\malignant tumor\ISIC_0013626.jpg,1
1628,train\malignant tumor\ISIC_0013634.jpg,1
1629,train\malignant tumor\ISIC_0013639.jpg,1
1630,train\malignant tumor\ISIC_0013652.jpg,1
1631,train\malignant tumor\ISIC_0013671.jpg,1
1632,train\malignant tumor\ISIC_0013672.jpg,1
1633,train\malignant tumor\ISIC_0013674.jpg,1
1634,train\malignant tumor\ISIC_0013740.jpg,1
1635,train\malignant tumor\ISIC_0013762.jpg,1
1636,train\malignant tumor\ISIC_0013775.jpg,1
1637,train\malignant tumor\ISIC_0013777.jpg,1
1638,train\malignant tumor\ISIC_0013783.jpg,1
1639,train\malignant tumor\ISIC_0013815.jpg,1
1640,train\malignant tumor\ISIC_0013831.jpg,1
1641,train\malignant tumor\ISIC_0013832.jpg,1
1642,train\malignant tumor\ISIC_0013839.jpg,1
1643,train\malignant tumor\ISIC_0013840.jpg,1
1644,train\malignant tumor\ISIC_0013844.jpg,1
1645,train\malignant tumor\ISIC_0013845.jpg,1
1646,train\malignant tumor\ISIC_0013861.jpg,1
1647,train\malignant tumor\ISIC_0013865.jpg,1
1648,train\malignant tumor\ISIC_0013874.jpg,1
1649,train\malignant tumor\ISIC_0013936.jpg,1
1650,train\malignant tumor\ISIC_0013969.jpg,1
1651,train\malignant tumor\ISIC_0013972.jpg,1
1652,train\malignant tumor\ISIC_0013975.jpg,1
1653,train\malignant tumor\ISIC_0013984.jpg,1
1654,train\malignant tumor\ISIC_0013986.jpg,1
1655,train\malignant tumor\ISIC_0013995.jpg,1
1656,train\malignant tumor\ISIC_0013997.jpg,1
1657,train\malignant tumor\ISIC_0014013.jpg,1
1658,train\malignant tumor\ISIC_0014044.jpg,1
1659,train\malignant tumor\ISIC_0014049.jpg,1
1660,train\malignant tumor\ISIC_0014061.jpg,1
1661,train\malignant tumor\ISIC_0014062.jpg,1
1662,train\malignant tumor\ISIC_0014072.jpg,1
1663,train\malignant tumor\ISIC_0014076.jpg,1
1664,train\malignant tumor\ISIC_0014079.jpg,1
1665,train\malignant tumor\ISIC_0014082.jpg,1
1666,train\malignant tumor\ISIC_0014088.jpg,1
1667,train\malignant tumor\ISIC_0014092.jpg,1
1668,train\malignant tumor\ISIC_0014099.jpg,1
1669,train\malignant tumor\ISIC_0014108.jpg,1
1670,train\malignant tumor\ISIC_0014127.jpg,1
1671,train\malignant tumor\ISIC_0014132.jpg,1
1672,train\malignant tumor\ISIC_0014133.jpg,1
1673,train\malignant tumor\ISIC_0014136.jpg,1
1674,train\malignant tumor\ISIC_0014144.jpg,1
1675,train\malignant tumor\ISIC_0014151.jpg,1
1676,train\malignant tumor\ISIC_0014156.jpg,1
1677,train\malignant tumor\ISIC_0014157.jpg,1
1678,train\malignant tumor\ISIC_0014163.jpg,1
1679,train\malignant tumor\ISIC_0014171.jpg,1
1680,train\malignant tumor\ISIC_0014173.jpg,1
1681,train\malignant tumor\ISIC_0014183.jpg,1
1682,train\malignant tumor\ISIC_0014187.jpg,1
1683,train\malignant tumor\ISIC_0014189.jpg,1
1684,train\malignant tumor\ISIC_0014190.jpg,1
1685,train\malignant tumor\ISIC_0014222.jpg,1
1686,train\malignant tumor\ISIC_0014229.jpg,1
1687,train\malignant tumor\ISIC_0014238.jpg,1
1688,train\malignant tumor\ISIC_0014249.jpg,1
1689,train\malignant tumor\ISIC_0014289.jpg,1
1690,train\malignant tumor\ISIC_0014290.jpg,1
1691,train\malignant tumor\ISIC_0014291.jpg,1
1692,train\malignant tumor\ISIC_0014308.jpg,1
1693,train\malignant tumor\ISIC_0014316.jpg,1
1694,train\malignant tumor\ISIC_0014324.jpg,1
1695,train\malignant tumor\ISIC_0014325.jpg,1
1696,train\malignant tumor\ISIC_0014327.jpg,1
1697,train\malignant tumor\ISIC_0014331.jpg,1
1698,train\malignant tumor\ISIC_0014337.jpg,1
1699,train\malignant tumor\ISIC_0014347.jpg,1
1700,train\malignant tumor\ISIC_0014357.jpg,1
1701,train\malignant tumor\ISIC_0014360.jpg,1
1702,train\malignant tumor\ISIC_0014361.jpg,1
1703,train\malignant tumor\ISIC_0014366.jpg,1
1704,train\malignant tumor\ISIC_0014372.jpg,1
1705,train\malignant tumor\ISIC_0014385.jpg,1
1706,train\malignant tumor\ISIC_0014395.jpg,1
1707,train\malignant tumor\ISIC_0014422.jpg,1
1708,train\malignant tumor\ISIC_0014476.jpg,1
1709,train\malignant tumor\ISIC_0014480.jpg,1
1710,train\malignant tumor\ISIC_0014486.jpg,1
1711,train\malignant tumor\ISIC_0014501.jpg,1
1712,train\malignant tumor\ISIC_0014507.jpg,1
1713,train\malignant tumor\ISIC_0014518.jpg,1
1714,train\malignant tumor\ISIC_0014525.jpg,1
1715,train\malignant tumor\ISIC_0014527.jpg,1
1716,train\malignant tumor\ISIC_0014543.jpg,1
1717,train\malignant tumor\ISIC_0014545.jpg,1
1718,train\malignant tumor\ISIC_0014557.jpg,1
1719,train\malignant tumor\ISIC_0014722.jpg,1
1720,train\malignant tumor\ISIC_0014735.jpg,1
1721,train\malignant tumor\ISIC_0014788.jpg,1
1722,train\malignant tumor\ISIC_0014795.jpg,1
1723,train\malignant tumor\ISIC_0014832.jpg,1
1724,train\malignant tumor\ISIC_0014891.jpg,1
1725,train\malignant tumor\ISIC_0014897.jpg,1
1726,train\malignant tumor\ISIC_0014919.jpg,1
1727,train\malignant tumor\ISIC_0014920.jpg,1
1728,train\malignant tumor\ISIC_0014922.jpg,1
1729,train\malignant tumor\ISIC_0014951.jpg,1
1730,train\malignant tumor\ISIC_0014975.jpg,1
1731,train\malignant tumor\ISIC_0014983.jpg,1
1732,train\malignant tumor\ISIC_0014987.jpg,1
1733,train\malignant tumor\ISIC_0015005.jpg,1
1734,train\malignant tumor\ISIC_0015045.jpg,1
1735,train\malignant tumor\ISIC_0015079.jpg,1
1736,train\malignant tumor\ISIC_0015082.jpg,1
1737,train\malignant tumor\ISIC_0015109.jpg,1
1738,train\malignant tumor\ISIC_0015110.jpg,1
1739,train\malignant tumor\ISIC_0015166.jpg,1
1740,train\malignant tumor\ISIC_0015189.jpg,1
1741,train\malignant tumor\ISIC_0015190.jpg,1
1742,train\malignant tumor\ISIC_0015200.jpg,1
1743,train\malignant tumor\ISIC_0015204.jpg,1
1744,train\malignant tumor\ISIC_0015219.jpg,1
1745,train\malignant tumor\ISIC_0015284.jpg,1
